[08-Aug-2025 07:35:29 UTC] PHP Deprecated:  Dompdf\Options::__construct(): Implicitly marking parameter $attributes as nullable is deprecated, the explicit nullable type must be used instead in C:\Apache24\htdocs\omes_app\dompdf\vendor\dompdf\dompdf\src\Options.php on line 312
[08-Aug-2025 07:35:29 UTC] PHP Deprecated:  Dompdf\FrameDecorator\AbstractFrameDecorator::reflow(): Implicitly marking parameter $block as nullable is deprecated, the explicit nullable type must be used instead in C:\Apache24\htdocs\omes_app\dompdf\vendor\dompdf\dompdf\src\FrameDecorator\AbstractFrameDecorator.php on line 908
[08-Aug-2025 07:35:29 UTC] PHP Deprecated:  Dompdf\FrameReflower\Page::reflow(): Implicitly marking parameter $block as nullable is deprecated, the explicit nullable type must be used instead in C:\Apache24\htdocs\omes_app\dompdf\vendor\dompdf\dompdf\src\FrameReflower\Page.php on line 94
[08-Aug-2025 07:35:29 UTC] PHP Deprecated:  Dompdf\FrameReflower\AbstractFrameReflower::reflow(): Implicitly marking parameter $block as nullable is deprecated, the explicit nullable type must be used instead in C:\Apache24\htdocs\omes_app\dompdf\vendor\dompdf\dompdf\src\FrameReflower\AbstractFrameReflower.php on line 290
[08-Aug-2025 07:35:29 UTC] PHP Deprecated:  Dompdf\FrameReflower\Block::reflow(): Implicitly marking parameter $block as nullable is deprecated, the explicit nullable type must be used instead in C:\Apache24\htdocs\omes_app\dompdf\vendor\dompdf\dompdf\src\FrameReflower\Block.php on line 781
[08-Aug-2025 07:35:29 UTC] PHP Deprecated:  Dompdf\FrameReflower\Text::reflow(): Implicitly marking parameter $block as nullable is deprecated, the explicit nullable type must be used instead in C:\Apache24\htdocs\omes_app\dompdf\vendor\dompdf\dompdf\src\FrameReflower\Text.php on line 377
[08-Aug-2025 07:35:29 UTC] PHP Deprecated:  Dompdf\FrameReflower\Table::reflow(): Implicitly marking parameter $block as nullable is deprecated, the explicit nullable type must be used instead in C:\Apache24\htdocs\omes_app\dompdf\vendor\dompdf\dompdf\src\FrameReflower\Table.php on line 299
[08-Aug-2025 07:35:29 UTC] PHP Deprecated:  Dompdf\FrameReflower\TableRowGroup::reflow(): Implicitly marking parameter $block as nullable is deprecated, the explicit nullable type must be used instead in C:\Apache24\htdocs\omes_app\dompdf\vendor\dompdf\dompdf\src\FrameReflower\TableRowGroup.php on line 33
[08-Aug-2025 07:35:29 UTC] PHP Deprecated:  Dompdf\FrameReflower\TableRow::reflow(): Implicitly marking parameter $block as nullable is deprecated, the explicit nullable type must be used instead in C:\Apache24\htdocs\omes_app\dompdf\vendor\dompdf\dompdf\src\FrameReflower\TableRow.php on line 33
[08-Aug-2025 07:35:29 UTC] PHP Deprecated:  Dompdf\FrameReflower\TableCell::reflow(): Implicitly marking parameter $block as nullable is deprecated, the explicit nullable type must be used instead in C:\Apache24\htdocs\omes_app\dompdf\vendor\dompdf\dompdf\src\FrameReflower\TableCell.php on line 32
[08-Aug-2025 07:35:29 UTC] PHP Deprecated:  Dompdf\FrameReflower\Image::reflow(): Implicitly marking parameter $block as nullable is deprecated, the explicit nullable type must be used instead in C:\Apache24\htdocs\omes_app\dompdf\vendor\dompdf\dompdf\src\FrameReflower\Image.php on line 33
[08-Aug-2025 07:35:29 UTC] PHP Deprecated:  Dompdf\FrameReflower\Inline::reflow(): Implicitly marking parameter $block as nullable is deprecated, the explicit nullable type must be used instead in C:\Apache24\htdocs\omes_app\dompdf\vendor\dompdf\dompdf\src\FrameReflower\Inline.php on line 77
[08-Aug-2025 07:35:33 UTC] PHP Deprecated:  Dompdf\Options::__construct(): Implicitly marking parameter $attributes as nullable is deprecated, the explicit nullable type must be used instead in C:\Apache24\htdocs\omes_app\dompdf\vendor\dompdf\dompdf\src\Options.php on line 312
[08-Aug-2025 07:35:33 UTC] PHP Deprecated:  Dompdf\FrameDecorator\AbstractFrameDecorator::reflow(): Implicitly marking parameter $block as nullable is deprecated, the explicit nullable type must be used instead in C:\Apache24\htdocs\omes_app\dompdf\vendor\dompdf\dompdf\src\FrameDecorator\AbstractFrameDecorator.php on line 908
[08-Aug-2025 07:35:33 UTC] PHP Deprecated:  Dompdf\FrameReflower\Page::reflow(): Implicitly marking parameter $block as nullable is deprecated, the explicit nullable type must be used instead in C:\Apache24\htdocs\omes_app\dompdf\vendor\dompdf\dompdf\src\FrameReflower\Page.php on line 94
[08-Aug-2025 07:35:33 UTC] PHP Deprecated:  Dompdf\FrameReflower\AbstractFrameReflower::reflow(): Implicitly marking parameter $block as nullable is deprecated, the explicit nullable type must be used instead in C:\Apache24\htdocs\omes_app\dompdf\vendor\dompdf\dompdf\src\FrameReflower\AbstractFrameReflower.php on line 290
[08-Aug-2025 07:35:34 UTC] PHP Deprecated:  Dompdf\FrameReflower\Block::reflow(): Implicitly marking parameter $block as nullable is deprecated, the explicit nullable type must be used instead in C:\Apache24\htdocs\omes_app\dompdf\vendor\dompdf\dompdf\src\FrameReflower\Block.php on line 781
[08-Aug-2025 07:35:34 UTC] PHP Deprecated:  Dompdf\FrameReflower\Text::reflow(): Implicitly marking parameter $block as nullable is deprecated, the explicit nullable type must be used instead in C:\Apache24\htdocs\omes_app\dompdf\vendor\dompdf\dompdf\src\FrameReflower\Text.php on line 377
[08-Aug-2025 07:35:34 UTC] PHP Deprecated:  Dompdf\FrameReflower\Table::reflow(): Implicitly marking parameter $block as nullable is deprecated, the explicit nullable type must be used instead in C:\Apache24\htdocs\omes_app\dompdf\vendor\dompdf\dompdf\src\FrameReflower\Table.php on line 299
[08-Aug-2025 07:35:34 UTC] PHP Deprecated:  Dompdf\FrameReflower\TableRowGroup::reflow(): Implicitly marking parameter $block as nullable is deprecated, the explicit nullable type must be used instead in C:\Apache24\htdocs\omes_app\dompdf\vendor\dompdf\dompdf\src\FrameReflower\TableRowGroup.php on line 33
[08-Aug-2025 07:35:34 UTC] PHP Deprecated:  Dompdf\FrameReflower\TableRow::reflow(): Implicitly marking parameter $block as nullable is deprecated, the explicit nullable type must be used instead in C:\Apache24\htdocs\omes_app\dompdf\vendor\dompdf\dompdf\src\FrameReflower\TableRow.php on line 33
[08-Aug-2025 07:35:34 UTC] PHP Deprecated:  Dompdf\FrameReflower\TableCell::reflow(): Implicitly marking parameter $block as nullable is deprecated, the explicit nullable type must be used instead in C:\Apache24\htdocs\omes_app\dompdf\vendor\dompdf\dompdf\src\FrameReflower\TableCell.php on line 32
[08-Aug-2025 07:35:34 UTC] PHP Deprecated:  Dompdf\FrameReflower\Image::reflow(): Implicitly marking parameter $block as nullable is deprecated, the explicit nullable type must be used instead in C:\Apache24\htdocs\omes_app\dompdf\vendor\dompdf\dompdf\src\FrameReflower\Image.php on line 33
[08-Aug-2025 07:35:34 UTC] PHP Deprecated:  Dompdf\FrameReflower\Inline::reflow(): Implicitly marking parameter $block as nullable is deprecated, the explicit nullable type must be used instead in C:\Apache24\htdocs\omes_app\dompdf\vendor\dompdf\dompdf\src\FrameReflower\Inline.php on line 77
[08-Aug-2025 07:40:48 UTC] PHP Deprecated:  Dompdf\Options::__construct(): Implicitly marking parameter $attributes as nullable is deprecated, the explicit nullable type must be used instead in C:\Apache24\htdocs\omes_app\dompdf\vendor\dompdf\dompdf\src\Options.php on line 312
[08-Aug-2025 07:40:48 UTC] PHP Deprecated:  Dompdf\FrameDecorator\AbstractFrameDecorator::reflow(): Implicitly marking parameter $block as nullable is deprecated, the explicit nullable type must be used instead in C:\Apache24\htdocs\omes_app\dompdf\vendor\dompdf\dompdf\src\FrameDecorator\AbstractFrameDecorator.php on line 908
[08-Aug-2025 07:40:48 UTC] PHP Deprecated:  Dompdf\FrameReflower\Page::reflow(): Implicitly marking parameter $block as nullable is deprecated, the explicit nullable type must be used instead in C:\Apache24\htdocs\omes_app\dompdf\vendor\dompdf\dompdf\src\FrameReflower\Page.php on line 94
[08-Aug-2025 07:40:48 UTC] PHP Deprecated:  Dompdf\FrameReflower\AbstractFrameReflower::reflow(): Implicitly marking parameter $block as nullable is deprecated, the explicit nullable type must be used instead in C:\Apache24\htdocs\omes_app\dompdf\vendor\dompdf\dompdf\src\FrameReflower\AbstractFrameReflower.php on line 290
[08-Aug-2025 07:40:48 UTC] PHP Deprecated:  Dompdf\FrameReflower\Block::reflow(): Implicitly marking parameter $block as nullable is deprecated, the explicit nullable type must be used instead in C:\Apache24\htdocs\omes_app\dompdf\vendor\dompdf\dompdf\src\FrameReflower\Block.php on line 781
[08-Aug-2025 07:40:48 UTC] PHP Deprecated:  Dompdf\FrameReflower\Text::reflow(): Implicitly marking parameter $block as nullable is deprecated, the explicit nullable type must be used instead in C:\Apache24\htdocs\omes_app\dompdf\vendor\dompdf\dompdf\src\FrameReflower\Text.php on line 377
[08-Aug-2025 07:40:49 UTC] PHP Deprecated:  Dompdf\FrameReflower\Table::reflow(): Implicitly marking parameter $block as nullable is deprecated, the explicit nullable type must be used instead in C:\Apache24\htdocs\omes_app\dompdf\vendor\dompdf\dompdf\src\FrameReflower\Table.php on line 299
[08-Aug-2025 07:40:49 UTC] PHP Deprecated:  Dompdf\FrameReflower\TableRowGroup::reflow(): Implicitly marking parameter $block as nullable is deprecated, the explicit nullable type must be used instead in C:\Apache24\htdocs\omes_app\dompdf\vendor\dompdf\dompdf\src\FrameReflower\TableRowGroup.php on line 33
[08-Aug-2025 07:40:49 UTC] PHP Deprecated:  Dompdf\FrameReflower\TableRow::reflow(): Implicitly marking parameter $block as nullable is deprecated, the explicit nullable type must be used instead in C:\Apache24\htdocs\omes_app\dompdf\vendor\dompdf\dompdf\src\FrameReflower\TableRow.php on line 33
[08-Aug-2025 07:40:49 UTC] PHP Deprecated:  Dompdf\FrameReflower\TableCell::reflow(): Implicitly marking parameter $block as nullable is deprecated, the explicit nullable type must be used instead in C:\Apache24\htdocs\omes_app\dompdf\vendor\dompdf\dompdf\src\FrameReflower\TableCell.php on line 32
[08-Aug-2025 07:40:49 UTC] PHP Deprecated:  Dompdf\FrameReflower\Image::reflow(): Implicitly marking parameter $block as nullable is deprecated, the explicit nullable type must be used instead in C:\Apache24\htdocs\omes_app\dompdf\vendor\dompdf\dompdf\src\FrameReflower\Image.php on line 33
[08-Aug-2025 07:40:49 UTC] PHP Deprecated:  Dompdf\FrameReflower\Inline::reflow(): Implicitly marking parameter $block as nullable is deprecated, the explicit nullable type must be used instead in C:\Apache24\htdocs\omes_app\dompdf\vendor\dompdf\dompdf\src\FrameReflower\Inline.php on line 77
[08-Aug-2025 07:41:56 UTC] PHP Deprecated:  Dompdf\Options::__construct(): Implicitly marking parameter $attributes as nullable is deprecated, the explicit nullable type must be used instead in C:\Apache24\htdocs\omes_app\dompdf\vendor\dompdf\dompdf\src\Options.php on line 312
[08-Aug-2025 07:41:56 UTC] PHP Deprecated:  Dompdf\FrameDecorator\AbstractFrameDecorator::reflow(): Implicitly marking parameter $block as nullable is deprecated, the explicit nullable type must be used instead in C:\Apache24\htdocs\omes_app\dompdf\vendor\dompdf\dompdf\src\FrameDecorator\AbstractFrameDecorator.php on line 908
[08-Aug-2025 07:41:56 UTC] PHP Deprecated:  Dompdf\FrameReflower\Page::reflow(): Implicitly marking parameter $block as nullable is deprecated, the explicit nullable type must be used instead in C:\Apache24\htdocs\omes_app\dompdf\vendor\dompdf\dompdf\src\FrameReflower\Page.php on line 94
[08-Aug-2025 07:41:56 UTC] PHP Deprecated:  Dompdf\FrameReflower\AbstractFrameReflower::reflow(): Implicitly marking parameter $block as nullable is deprecated, the explicit nullable type must be used instead in C:\Apache24\htdocs\omes_app\dompdf\vendor\dompdf\dompdf\src\FrameReflower\AbstractFrameReflower.php on line 290
[08-Aug-2025 07:41:56 UTC] PHP Deprecated:  Dompdf\FrameReflower\Block::reflow(): Implicitly marking parameter $block as nullable is deprecated, the explicit nullable type must be used instead in C:\Apache24\htdocs\omes_app\dompdf\vendor\dompdf\dompdf\src\FrameReflower\Block.php on line 781
[08-Aug-2025 07:41:56 UTC] PHP Deprecated:  Dompdf\FrameReflower\Text::reflow(): Implicitly marking parameter $block as nullable is deprecated, the explicit nullable type must be used instead in C:\Apache24\htdocs\omes_app\dompdf\vendor\dompdf\dompdf\src\FrameReflower\Text.php on line 377
[08-Aug-2025 07:41:56 UTC] PHP Deprecated:  Dompdf\FrameReflower\Table::reflow(): Implicitly marking parameter $block as nullable is deprecated, the explicit nullable type must be used instead in C:\Apache24\htdocs\omes_app\dompdf\vendor\dompdf\dompdf\src\FrameReflower\Table.php on line 299
[08-Aug-2025 07:41:56 UTC] PHP Deprecated:  Dompdf\FrameReflower\TableRowGroup::reflow(): Implicitly marking parameter $block as nullable is deprecated, the explicit nullable type must be used instead in C:\Apache24\htdocs\omes_app\dompdf\vendor\dompdf\dompdf\src\FrameReflower\TableRowGroup.php on line 33
[08-Aug-2025 07:41:56 UTC] PHP Deprecated:  Dompdf\FrameReflower\TableRow::reflow(): Implicitly marking parameter $block as nullable is deprecated, the explicit nullable type must be used instead in C:\Apache24\htdocs\omes_app\dompdf\vendor\dompdf\dompdf\src\FrameReflower\TableRow.php on line 33
[08-Aug-2025 07:41:56 UTC] PHP Deprecated:  Dompdf\FrameReflower\TableCell::reflow(): Implicitly marking parameter $block as nullable is deprecated, the explicit nullable type must be used instead in C:\Apache24\htdocs\omes_app\dompdf\vendor\dompdf\dompdf\src\FrameReflower\TableCell.php on line 32
[08-Aug-2025 07:41:56 UTC] PHP Deprecated:  Dompdf\FrameReflower\Image::reflow(): Implicitly marking parameter $block as nullable is deprecated, the explicit nullable type must be used instead in C:\Apache24\htdocs\omes_app\dompdf\vendor\dompdf\dompdf\src\FrameReflower\Image.php on line 33
[08-Aug-2025 07:41:56 UTC] PHP Deprecated:  Dompdf\FrameReflower\Inline::reflow(): Implicitly marking parameter $block as nullable is deprecated, the explicit nullable type must be used instead in C:\Apache24\htdocs\omes_app\dompdf\vendor\dompdf\dompdf\src\FrameReflower\Inline.php on line 77
[08-Aug-2025 07:42:26 UTC] PHP Deprecated:  Dompdf\Options::__construct(): Implicitly marking parameter $attributes as nullable is deprecated, the explicit nullable type must be used instead in C:\Apache24\htdocs\omes_app\dompdf\vendor\dompdf\dompdf\src\Options.php on line 312
[08-Aug-2025 07:42:26 UTC] PHP Deprecated:  Dompdf\FrameDecorator\AbstractFrameDecorator::reflow(): Implicitly marking parameter $block as nullable is deprecated, the explicit nullable type must be used instead in C:\Apache24\htdocs\omes_app\dompdf\vendor\dompdf\dompdf\src\FrameDecorator\AbstractFrameDecorator.php on line 908
[08-Aug-2025 07:42:26 UTC] PHP Deprecated:  Dompdf\FrameReflower\Page::reflow(): Implicitly marking parameter $block as nullable is deprecated, the explicit nullable type must be used instead in C:\Apache24\htdocs\omes_app\dompdf\vendor\dompdf\dompdf\src\FrameReflower\Page.php on line 94
[08-Aug-2025 07:42:26 UTC] PHP Deprecated:  Dompdf\FrameReflower\AbstractFrameReflower::reflow(): Implicitly marking parameter $block as nullable is deprecated, the explicit nullable type must be used instead in C:\Apache24\htdocs\omes_app\dompdf\vendor\dompdf\dompdf\src\FrameReflower\AbstractFrameReflower.php on line 290
[08-Aug-2025 07:42:26 UTC] PHP Deprecated:  Dompdf\FrameReflower\Block::reflow(): Implicitly marking parameter $block as nullable is deprecated, the explicit nullable type must be used instead in C:\Apache24\htdocs\omes_app\dompdf\vendor\dompdf\dompdf\src\FrameReflower\Block.php on line 781
[08-Aug-2025 07:42:26 UTC] PHP Deprecated:  Dompdf\FrameReflower\Text::reflow(): Implicitly marking parameter $block as nullable is deprecated, the explicit nullable type must be used instead in C:\Apache24\htdocs\omes_app\dompdf\vendor\dompdf\dompdf\src\FrameReflower\Text.php on line 377
[08-Aug-2025 07:42:26 UTC] PHP Deprecated:  Dompdf\FrameReflower\Table::reflow(): Implicitly marking parameter $block as nullable is deprecated, the explicit nullable type must be used instead in C:\Apache24\htdocs\omes_app\dompdf\vendor\dompdf\dompdf\src\FrameReflower\Table.php on line 299
[08-Aug-2025 07:42:26 UTC] PHP Deprecated:  Dompdf\FrameReflower\TableRowGroup::reflow(): Implicitly marking parameter $block as nullable is deprecated, the explicit nullable type must be used instead in C:\Apache24\htdocs\omes_app\dompdf\vendor\dompdf\dompdf\src\FrameReflower\TableRowGroup.php on line 33
[08-Aug-2025 07:42:26 UTC] PHP Deprecated:  Dompdf\FrameReflower\TableRow::reflow(): Implicitly marking parameter $block as nullable is deprecated, the explicit nullable type must be used instead in C:\Apache24\htdocs\omes_app\dompdf\vendor\dompdf\dompdf\src\FrameReflower\TableRow.php on line 33
[08-Aug-2025 07:42:26 UTC] PHP Deprecated:  Dompdf\FrameReflower\TableCell::reflow(): Implicitly marking parameter $block as nullable is deprecated, the explicit nullable type must be used instead in C:\Apache24\htdocs\omes_app\dompdf\vendor\dompdf\dompdf\src\FrameReflower\TableCell.php on line 32
[08-Aug-2025 07:42:26 UTC] PHP Deprecated:  Dompdf\FrameReflower\Image::reflow(): Implicitly marking parameter $block as nullable is deprecated, the explicit nullable type must be used instead in C:\Apache24\htdocs\omes_app\dompdf\vendor\dompdf\dompdf\src\FrameReflower\Image.php on line 33
[08-Aug-2025 07:42:26 UTC] PHP Deprecated:  Dompdf\FrameReflower\Inline::reflow(): Implicitly marking parameter $block as nullable is deprecated, the explicit nullable type must be used instead in C:\Apache24\htdocs\omes_app\dompdf\vendor\dompdf\dompdf\src\FrameReflower\Inline.php on line 77
[08-Aug-2025 07:43:01 UTC] PHP Deprecated:  Dompdf\Options::__construct(): Implicitly marking parameter $attributes as nullable is deprecated, the explicit nullable type must be used instead in C:\Apache24\htdocs\omes_app\dompdf\vendor\dompdf\dompdf\src\Options.php on line 312
[08-Aug-2025 07:43:01 UTC] PHP Deprecated:  Dompdf\FrameDecorator\AbstractFrameDecorator::reflow(): Implicitly marking parameter $block as nullable is deprecated, the explicit nullable type must be used instead in C:\Apache24\htdocs\omes_app\dompdf\vendor\dompdf\dompdf\src\FrameDecorator\AbstractFrameDecorator.php on line 908
[08-Aug-2025 07:43:01 UTC] PHP Deprecated:  Dompdf\FrameReflower\Page::reflow(): Implicitly marking parameter $block as nullable is deprecated, the explicit nullable type must be used instead in C:\Apache24\htdocs\omes_app\dompdf\vendor\dompdf\dompdf\src\FrameReflower\Page.php on line 94
[08-Aug-2025 07:43:01 UTC] PHP Deprecated:  Dompdf\FrameReflower\AbstractFrameReflower::reflow(): Implicitly marking parameter $block as nullable is deprecated, the explicit nullable type must be used instead in C:\Apache24\htdocs\omes_app\dompdf\vendor\dompdf\dompdf\src\FrameReflower\AbstractFrameReflower.php on line 290
[08-Aug-2025 07:43:01 UTC] PHP Deprecated:  Dompdf\FrameReflower\Block::reflow(): Implicitly marking parameter $block as nullable is deprecated, the explicit nullable type must be used instead in C:\Apache24\htdocs\omes_app\dompdf\vendor\dompdf\dompdf\src\FrameReflower\Block.php on line 781
[08-Aug-2025 07:43:01 UTC] PHP Deprecated:  Dompdf\FrameReflower\Text::reflow(): Implicitly marking parameter $block as nullable is deprecated, the explicit nullable type must be used instead in C:\Apache24\htdocs\omes_app\dompdf\vendor\dompdf\dompdf\src\FrameReflower\Text.php on line 377
[08-Aug-2025 07:43:01 UTC] PHP Deprecated:  Dompdf\FrameReflower\Table::reflow(): Implicitly marking parameter $block as nullable is deprecated, the explicit nullable type must be used instead in C:\Apache24\htdocs\omes_app\dompdf\vendor\dompdf\dompdf\src\FrameReflower\Table.php on line 299
[08-Aug-2025 07:43:01 UTC] PHP Deprecated:  Dompdf\FrameReflower\TableRowGroup::reflow(): Implicitly marking parameter $block as nullable is deprecated, the explicit nullable type must be used instead in C:\Apache24\htdocs\omes_app\dompdf\vendor\dompdf\dompdf\src\FrameReflower\TableRowGroup.php on line 33
[08-Aug-2025 07:43:01 UTC] PHP Deprecated:  Dompdf\FrameReflower\TableRow::reflow(): Implicitly marking parameter $block as nullable is deprecated, the explicit nullable type must be used instead in C:\Apache24\htdocs\omes_app\dompdf\vendor\dompdf\dompdf\src\FrameReflower\TableRow.php on line 33
[08-Aug-2025 07:43:01 UTC] PHP Deprecated:  Dompdf\FrameReflower\TableCell::reflow(): Implicitly marking parameter $block as nullable is deprecated, the explicit nullable type must be used instead in C:\Apache24\htdocs\omes_app\dompdf\vendor\dompdf\dompdf\src\FrameReflower\TableCell.php on line 32
[08-Aug-2025 07:43:01 UTC] PHP Deprecated:  Dompdf\FrameReflower\Image::reflow(): Implicitly marking parameter $block as nullable is deprecated, the explicit nullable type must be used instead in C:\Apache24\htdocs\omes_app\dompdf\vendor\dompdf\dompdf\src\FrameReflower\Image.php on line 33
[08-Aug-2025 07:43:01 UTC] PHP Deprecated:  Dompdf\FrameReflower\Inline::reflow(): Implicitly marking parameter $block as nullable is deprecated, the explicit nullable type must be used instead in C:\Apache24\htdocs\omes_app\dompdf\vendor\dompdf\dompdf\src\FrameReflower\Inline.php on line 77
[08-Aug-2025 07:43:19 UTC] PHP Deprecated:  Dompdf\Options::__construct(): Implicitly marking parameter $attributes as nullable is deprecated, the explicit nullable type must be used instead in C:\Apache24\htdocs\omes_app\dompdf\vendor\dompdf\dompdf\src\Options.php on line 312
[08-Aug-2025 07:43:19 UTC] PHP Deprecated:  Dompdf\FrameDecorator\AbstractFrameDecorator::reflow(): Implicitly marking parameter $block as nullable is deprecated, the explicit nullable type must be used instead in C:\Apache24\htdocs\omes_app\dompdf\vendor\dompdf\dompdf\src\FrameDecorator\AbstractFrameDecorator.php on line 908
[08-Aug-2025 07:43:19 UTC] PHP Deprecated:  Dompdf\FrameReflower\Page::reflow(): Implicitly marking parameter $block as nullable is deprecated, the explicit nullable type must be used instead in C:\Apache24\htdocs\omes_app\dompdf\vendor\dompdf\dompdf\src\FrameReflower\Page.php on line 94
[08-Aug-2025 07:43:19 UTC] PHP Deprecated:  Dompdf\FrameReflower\AbstractFrameReflower::reflow(): Implicitly marking parameter $block as nullable is deprecated, the explicit nullable type must be used instead in C:\Apache24\htdocs\omes_app\dompdf\vendor\dompdf\dompdf\src\FrameReflower\AbstractFrameReflower.php on line 290
[08-Aug-2025 07:43:19 UTC] PHP Deprecated:  Dompdf\FrameReflower\Block::reflow(): Implicitly marking parameter $block as nullable is deprecated, the explicit nullable type must be used instead in C:\Apache24\htdocs\omes_app\dompdf\vendor\dompdf\dompdf\src\FrameReflower\Block.php on line 781
[08-Aug-2025 07:43:19 UTC] PHP Deprecated:  Dompdf\FrameReflower\Text::reflow(): Implicitly marking parameter $block as nullable is deprecated, the explicit nullable type must be used instead in C:\Apache24\htdocs\omes_app\dompdf\vendor\dompdf\dompdf\src\FrameReflower\Text.php on line 377
[08-Aug-2025 07:43:19 UTC] PHP Deprecated:  Dompdf\FrameReflower\Table::reflow(): Implicitly marking parameter $block as nullable is deprecated, the explicit nullable type must be used instead in C:\Apache24\htdocs\omes_app\dompdf\vendor\dompdf\dompdf\src\FrameReflower\Table.php on line 299
[08-Aug-2025 07:43:19 UTC] PHP Deprecated:  Dompdf\FrameReflower\TableRowGroup::reflow(): Implicitly marking parameter $block as nullable is deprecated, the explicit nullable type must be used instead in C:\Apache24\htdocs\omes_app\dompdf\vendor\dompdf\dompdf\src\FrameReflower\TableRowGroup.php on line 33
[08-Aug-2025 07:43:19 UTC] PHP Deprecated:  Dompdf\FrameReflower\TableRow::reflow(): Implicitly marking parameter $block as nullable is deprecated, the explicit nullable type must be used instead in C:\Apache24\htdocs\omes_app\dompdf\vendor\dompdf\dompdf\src\FrameReflower\TableRow.php on line 33
[08-Aug-2025 07:43:19 UTC] PHP Deprecated:  Dompdf\FrameReflower\TableCell::reflow(): Implicitly marking parameter $block as nullable is deprecated, the explicit nullable type must be used instead in C:\Apache24\htdocs\omes_app\dompdf\vendor\dompdf\dompdf\src\FrameReflower\TableCell.php on line 32
[08-Aug-2025 07:43:19 UTC] PHP Deprecated:  Dompdf\FrameReflower\Image::reflow(): Implicitly marking parameter $block as nullable is deprecated, the explicit nullable type must be used instead in C:\Apache24\htdocs\omes_app\dompdf\vendor\dompdf\dompdf\src\FrameReflower\Image.php on line 33
[08-Aug-2025 07:43:19 UTC] PHP Deprecated:  Dompdf\FrameReflower\Inline::reflow(): Implicitly marking parameter $block as nullable is deprecated, the explicit nullable type must be used instead in C:\Apache24\htdocs\omes_app\dompdf\vendor\dompdf\dompdf\src\FrameReflower\Inline.php on line 77
[08-Aug-2025 07:43:42 UTC] PHP Deprecated:  Dompdf\Options::__construct(): Implicitly marking parameter $attributes as nullable is deprecated, the explicit nullable type must be used instead in C:\Apache24\htdocs\omes_app\dompdf\vendor\dompdf\dompdf\src\Options.php on line 312
[08-Aug-2025 07:43:42 UTC] PHP Deprecated:  Dompdf\FrameDecorator\AbstractFrameDecorator::reflow(): Implicitly marking parameter $block as nullable is deprecated, the explicit nullable type must be used instead in C:\Apache24\htdocs\omes_app\dompdf\vendor\dompdf\dompdf\src\FrameDecorator\AbstractFrameDecorator.php on line 908
[08-Aug-2025 07:43:42 UTC] PHP Deprecated:  Dompdf\FrameReflower\Page::reflow(): Implicitly marking parameter $block as nullable is deprecated, the explicit nullable type must be used instead in C:\Apache24\htdocs\omes_app\dompdf\vendor\dompdf\dompdf\src\FrameReflower\Page.php on line 94
[08-Aug-2025 07:43:42 UTC] PHP Deprecated:  Dompdf\FrameReflower\AbstractFrameReflower::reflow(): Implicitly marking parameter $block as nullable is deprecated, the explicit nullable type must be used instead in C:\Apache24\htdocs\omes_app\dompdf\vendor\dompdf\dompdf\src\FrameReflower\AbstractFrameReflower.php on line 290
[08-Aug-2025 07:43:42 UTC] PHP Deprecated:  Dompdf\FrameReflower\Block::reflow(): Implicitly marking parameter $block as nullable is deprecated, the explicit nullable type must be used instead in C:\Apache24\htdocs\omes_app\dompdf\vendor\dompdf\dompdf\src\FrameReflower\Block.php on line 781
[08-Aug-2025 07:43:42 UTC] PHP Deprecated:  Dompdf\FrameReflower\Text::reflow(): Implicitly marking parameter $block as nullable is deprecated, the explicit nullable type must be used instead in C:\Apache24\htdocs\omes_app\dompdf\vendor\dompdf\dompdf\src\FrameReflower\Text.php on line 377
[08-Aug-2025 07:43:42 UTC] PHP Deprecated:  Dompdf\FrameReflower\Table::reflow(): Implicitly marking parameter $block as nullable is deprecated, the explicit nullable type must be used instead in C:\Apache24\htdocs\omes_app\dompdf\vendor\dompdf\dompdf\src\FrameReflower\Table.php on line 299
[08-Aug-2025 07:43:42 UTC] PHP Deprecated:  Dompdf\FrameReflower\TableRowGroup::reflow(): Implicitly marking parameter $block as nullable is deprecated, the explicit nullable type must be used instead in C:\Apache24\htdocs\omes_app\dompdf\vendor\dompdf\dompdf\src\FrameReflower\TableRowGroup.php on line 33
[08-Aug-2025 07:43:42 UTC] PHP Deprecated:  Dompdf\FrameReflower\TableRow::reflow(): Implicitly marking parameter $block as nullable is deprecated, the explicit nullable type must be used instead in C:\Apache24\htdocs\omes_app\dompdf\vendor\dompdf\dompdf\src\FrameReflower\TableRow.php on line 33
[08-Aug-2025 07:43:42 UTC] PHP Deprecated:  Dompdf\FrameReflower\TableCell::reflow(): Implicitly marking parameter $block as nullable is deprecated, the explicit nullable type must be used instead in C:\Apache24\htdocs\omes_app\dompdf\vendor\dompdf\dompdf\src\FrameReflower\TableCell.php on line 32
[08-Aug-2025 07:43:42 UTC] PHP Deprecated:  Dompdf\FrameReflower\Image::reflow(): Implicitly marking parameter $block as nullable is deprecated, the explicit nullable type must be used instead in C:\Apache24\htdocs\omes_app\dompdf\vendor\dompdf\dompdf\src\FrameReflower\Image.php on line 33
[08-Aug-2025 07:43:42 UTC] PHP Deprecated:  Dompdf\FrameReflower\Inline::reflow(): Implicitly marking parameter $block as nullable is deprecated, the explicit nullable type must be used instead in C:\Apache24\htdocs\omes_app\dompdf\vendor\dompdf\dompdf\src\FrameReflower\Inline.php on line 77
[08-Aug-2025 07:44:00 UTC] PHP Deprecated:  Dompdf\Options::__construct(): Implicitly marking parameter $attributes as nullable is deprecated, the explicit nullable type must be used instead in C:\Apache24\htdocs\omes_app\dompdf\vendor\dompdf\dompdf\src\Options.php on line 312
[08-Aug-2025 07:44:01 UTC] PHP Deprecated:  Dompdf\FrameDecorator\AbstractFrameDecorator::reflow(): Implicitly marking parameter $block as nullable is deprecated, the explicit nullable type must be used instead in C:\Apache24\htdocs\omes_app\dompdf\vendor\dompdf\dompdf\src\FrameDecorator\AbstractFrameDecorator.php on line 908
[08-Aug-2025 07:44:01 UTC] PHP Deprecated:  Dompdf\FrameReflower\Page::reflow(): Implicitly marking parameter $block as nullable is deprecated, the explicit nullable type must be used instead in C:\Apache24\htdocs\omes_app\dompdf\vendor\dompdf\dompdf\src\FrameReflower\Page.php on line 94
[08-Aug-2025 07:44:01 UTC] PHP Deprecated:  Dompdf\FrameReflower\AbstractFrameReflower::reflow(): Implicitly marking parameter $block as nullable is deprecated, the explicit nullable type must be used instead in C:\Apache24\htdocs\omes_app\dompdf\vendor\dompdf\dompdf\src\FrameReflower\AbstractFrameReflower.php on line 290
[08-Aug-2025 07:44:01 UTC] PHP Deprecated:  Dompdf\FrameReflower\Block::reflow(): Implicitly marking parameter $block as nullable is deprecated, the explicit nullable type must be used instead in C:\Apache24\htdocs\omes_app\dompdf\vendor\dompdf\dompdf\src\FrameReflower\Block.php on line 781
[08-Aug-2025 07:44:01 UTC] PHP Deprecated:  Dompdf\FrameReflower\Text::reflow(): Implicitly marking parameter $block as nullable is deprecated, the explicit nullable type must be used instead in C:\Apache24\htdocs\omes_app\dompdf\vendor\dompdf\dompdf\src\FrameReflower\Text.php on line 377
[08-Aug-2025 07:44:01 UTC] PHP Deprecated:  Dompdf\FrameReflower\Table::reflow(): Implicitly marking parameter $block as nullable is deprecated, the explicit nullable type must be used instead in C:\Apache24\htdocs\omes_app\dompdf\vendor\dompdf\dompdf\src\FrameReflower\Table.php on line 299
[08-Aug-2025 07:44:01 UTC] PHP Deprecated:  Dompdf\FrameReflower\TableRowGroup::reflow(): Implicitly marking parameter $block as nullable is deprecated, the explicit nullable type must be used instead in C:\Apache24\htdocs\omes_app\dompdf\vendor\dompdf\dompdf\src\FrameReflower\TableRowGroup.php on line 33
[08-Aug-2025 07:44:01 UTC] PHP Deprecated:  Dompdf\FrameReflower\TableRow::reflow(): Implicitly marking parameter $block as nullable is deprecated, the explicit nullable type must be used instead in C:\Apache24\htdocs\omes_app\dompdf\vendor\dompdf\dompdf\src\FrameReflower\TableRow.php on line 33
[08-Aug-2025 07:44:01 UTC] PHP Deprecated:  Dompdf\FrameReflower\TableCell::reflow(): Implicitly marking parameter $block as nullable is deprecated, the explicit nullable type must be used instead in C:\Apache24\htdocs\omes_app\dompdf\vendor\dompdf\dompdf\src\FrameReflower\TableCell.php on line 32
[08-Aug-2025 07:44:01 UTC] PHP Deprecated:  Dompdf\FrameReflower\Image::reflow(): Implicitly marking parameter $block as nullable is deprecated, the explicit nullable type must be used instead in C:\Apache24\htdocs\omes_app\dompdf\vendor\dompdf\dompdf\src\FrameReflower\Image.php on line 33
[08-Aug-2025 07:44:01 UTC] PHP Deprecated:  Dompdf\FrameReflower\Inline::reflow(): Implicitly marking parameter $block as nullable is deprecated, the explicit nullable type must be used instead in C:\Apache24\htdocs\omes_app\dompdf\vendor\dompdf\dompdf\src\FrameReflower\Inline.php on line 77
[08-Aug-2025 07:44:24 UTC] PHP Deprecated:  Dompdf\Options::__construct(): Implicitly marking parameter $attributes as nullable is deprecated, the explicit nullable type must be used instead in C:\Apache24\htdocs\omes_app\dompdf\vendor\dompdf\dompdf\src\Options.php on line 312
[08-Aug-2025 07:44:25 UTC] PHP Deprecated:  Dompdf\FrameDecorator\AbstractFrameDecorator::reflow(): Implicitly marking parameter $block as nullable is deprecated, the explicit nullable type must be used instead in C:\Apache24\htdocs\omes_app\dompdf\vendor\dompdf\dompdf\src\FrameDecorator\AbstractFrameDecorator.php on line 908
[08-Aug-2025 07:44:25 UTC] PHP Deprecated:  Dompdf\FrameReflower\Page::reflow(): Implicitly marking parameter $block as nullable is deprecated, the explicit nullable type must be used instead in C:\Apache24\htdocs\omes_app\dompdf\vendor\dompdf\dompdf\src\FrameReflower\Page.php on line 94
[08-Aug-2025 07:44:25 UTC] PHP Deprecated:  Dompdf\FrameReflower\AbstractFrameReflower::reflow(): Implicitly marking parameter $block as nullable is deprecated, the explicit nullable type must be used instead in C:\Apache24\htdocs\omes_app\dompdf\vendor\dompdf\dompdf\src\FrameReflower\AbstractFrameReflower.php on line 290
[08-Aug-2025 07:44:25 UTC] PHP Deprecated:  Dompdf\FrameReflower\Block::reflow(): Implicitly marking parameter $block as nullable is deprecated, the explicit nullable type must be used instead in C:\Apache24\htdocs\omes_app\dompdf\vendor\dompdf\dompdf\src\FrameReflower\Block.php on line 781
[08-Aug-2025 07:44:25 UTC] PHP Deprecated:  Dompdf\FrameReflower\Text::reflow(): Implicitly marking parameter $block as nullable is deprecated, the explicit nullable type must be used instead in C:\Apache24\htdocs\omes_app\dompdf\vendor\dompdf\dompdf\src\FrameReflower\Text.php on line 377
[08-Aug-2025 07:44:25 UTC] PHP Deprecated:  Dompdf\FrameReflower\Table::reflow(): Implicitly marking parameter $block as nullable is deprecated, the explicit nullable type must be used instead in C:\Apache24\htdocs\omes_app\dompdf\vendor\dompdf\dompdf\src\FrameReflower\Table.php on line 299
[08-Aug-2025 07:44:25 UTC] PHP Deprecated:  Dompdf\FrameReflower\TableRowGroup::reflow(): Implicitly marking parameter $block as nullable is deprecated, the explicit nullable type must be used instead in C:\Apache24\htdocs\omes_app\dompdf\vendor\dompdf\dompdf\src\FrameReflower\TableRowGroup.php on line 33
[08-Aug-2025 07:44:25 UTC] PHP Deprecated:  Dompdf\FrameReflower\TableRow::reflow(): Implicitly marking parameter $block as nullable is deprecated, the explicit nullable type must be used instead in C:\Apache24\htdocs\omes_app\dompdf\vendor\dompdf\dompdf\src\FrameReflower\TableRow.php on line 33
[08-Aug-2025 07:44:25 UTC] PHP Deprecated:  Dompdf\FrameReflower\TableCell::reflow(): Implicitly marking parameter $block as nullable is deprecated, the explicit nullable type must be used instead in C:\Apache24\htdocs\omes_app\dompdf\vendor\dompdf\dompdf\src\FrameReflower\TableCell.php on line 32
[08-Aug-2025 07:44:25 UTC] PHP Deprecated:  Dompdf\FrameReflower\Image::reflow(): Implicitly marking parameter $block as nullable is deprecated, the explicit nullable type must be used instead in C:\Apache24\htdocs\omes_app\dompdf\vendor\dompdf\dompdf\src\FrameReflower\Image.php on line 33
[08-Aug-2025 07:44:25 UTC] PHP Deprecated:  Dompdf\FrameReflower\Inline::reflow(): Implicitly marking parameter $block as nullable is deprecated, the explicit nullable type must be used instead in C:\Apache24\htdocs\omes_app\dompdf\vendor\dompdf\dompdf\src\FrameReflower\Inline.php on line 77
[08-Aug-2025 07:45:18 UTC] PHP Deprecated:  Dompdf\Options::__construct(): Implicitly marking parameter $attributes as nullable is deprecated, the explicit nullable type must be used instead in C:\Apache24\htdocs\omes_app\dompdf\vendor\dompdf\dompdf\src\Options.php on line 312
[08-Aug-2025 07:45:18 UTC] PHP Deprecated:  Dompdf\FrameDecorator\AbstractFrameDecorator::reflow(): Implicitly marking parameter $block as nullable is deprecated, the explicit nullable type must be used instead in C:\Apache24\htdocs\omes_app\dompdf\vendor\dompdf\dompdf\src\FrameDecorator\AbstractFrameDecorator.php on line 908
[08-Aug-2025 07:45:18 UTC] PHP Deprecated:  Dompdf\FrameReflower\Page::reflow(): Implicitly marking parameter $block as nullable is deprecated, the explicit nullable type must be used instead in C:\Apache24\htdocs\omes_app\dompdf\vendor\dompdf\dompdf\src\FrameReflower\Page.php on line 94
[08-Aug-2025 07:45:18 UTC] PHP Deprecated:  Dompdf\FrameReflower\AbstractFrameReflower::reflow(): Implicitly marking parameter $block as nullable is deprecated, the explicit nullable type must be used instead in C:\Apache24\htdocs\omes_app\dompdf\vendor\dompdf\dompdf\src\FrameReflower\AbstractFrameReflower.php on line 290
[08-Aug-2025 07:45:18 UTC] PHP Deprecated:  Dompdf\FrameReflower\Block::reflow(): Implicitly marking parameter $block as nullable is deprecated, the explicit nullable type must be used instead in C:\Apache24\htdocs\omes_app\dompdf\vendor\dompdf\dompdf\src\FrameReflower\Block.php on line 781
[08-Aug-2025 07:45:18 UTC] PHP Deprecated:  Dompdf\FrameReflower\Text::reflow(): Implicitly marking parameter $block as nullable is deprecated, the explicit nullable type must be used instead in C:\Apache24\htdocs\omes_app\dompdf\vendor\dompdf\dompdf\src\FrameReflower\Text.php on line 377
[08-Aug-2025 07:45:18 UTC] PHP Deprecated:  Dompdf\FrameReflower\Table::reflow(): Implicitly marking parameter $block as nullable is deprecated, the explicit nullable type must be used instead in C:\Apache24\htdocs\omes_app\dompdf\vendor\dompdf\dompdf\src\FrameReflower\Table.php on line 299
[08-Aug-2025 07:45:18 UTC] PHP Deprecated:  Dompdf\FrameReflower\TableRowGroup::reflow(): Implicitly marking parameter $block as nullable is deprecated, the explicit nullable type must be used instead in C:\Apache24\htdocs\omes_app\dompdf\vendor\dompdf\dompdf\src\FrameReflower\TableRowGroup.php on line 33
[08-Aug-2025 07:45:18 UTC] PHP Deprecated:  Dompdf\FrameReflower\TableRow::reflow(): Implicitly marking parameter $block as nullable is deprecated, the explicit nullable type must be used instead in C:\Apache24\htdocs\omes_app\dompdf\vendor\dompdf\dompdf\src\FrameReflower\TableRow.php on line 33
[08-Aug-2025 07:45:18 UTC] PHP Deprecated:  Dompdf\FrameReflower\TableCell::reflow(): Implicitly marking parameter $block as nullable is deprecated, the explicit nullable type must be used instead in C:\Apache24\htdocs\omes_app\dompdf\vendor\dompdf\dompdf\src\FrameReflower\TableCell.php on line 32
[08-Aug-2025 07:45:18 UTC] PHP Deprecated:  Dompdf\FrameReflower\Image::reflow(): Implicitly marking parameter $block as nullable is deprecated, the explicit nullable type must be used instead in C:\Apache24\htdocs\omes_app\dompdf\vendor\dompdf\dompdf\src\FrameReflower\Image.php on line 33
[08-Aug-2025 07:45:18 UTC] PHP Deprecated:  Dompdf\FrameReflower\Inline::reflow(): Implicitly marking parameter $block as nullable is deprecated, the explicit nullable type must be used instead in C:\Apache24\htdocs\omes_app\dompdf\vendor\dompdf\dompdf\src\FrameReflower\Inline.php on line 77
[08-Aug-2025 07:45:21 UTC] PHP Deprecated:  Dompdf\Options::__construct(): Implicitly marking parameter $attributes as nullable is deprecated, the explicit nullable type must be used instead in C:\Apache24\htdocs\omes_app\dompdf\vendor\dompdf\dompdf\src\Options.php on line 312
[08-Aug-2025 07:45:21 UTC] PHP Deprecated:  Dompdf\FrameDecorator\AbstractFrameDecorator::reflow(): Implicitly marking parameter $block as nullable is deprecated, the explicit nullable type must be used instead in C:\Apache24\htdocs\omes_app\dompdf\vendor\dompdf\dompdf\src\FrameDecorator\AbstractFrameDecorator.php on line 908
[08-Aug-2025 07:45:21 UTC] PHP Deprecated:  Dompdf\FrameReflower\Page::reflow(): Implicitly marking parameter $block as nullable is deprecated, the explicit nullable type must be used instead in C:\Apache24\htdocs\omes_app\dompdf\vendor\dompdf\dompdf\src\FrameReflower\Page.php on line 94
[08-Aug-2025 07:45:21 UTC] PHP Deprecated:  Dompdf\FrameReflower\AbstractFrameReflower::reflow(): Implicitly marking parameter $block as nullable is deprecated, the explicit nullable type must be used instead in C:\Apache24\htdocs\omes_app\dompdf\vendor\dompdf\dompdf\src\FrameReflower\AbstractFrameReflower.php on line 290
[08-Aug-2025 07:45:21 UTC] PHP Deprecated:  Dompdf\FrameReflower\Block::reflow(): Implicitly marking parameter $block as nullable is deprecated, the explicit nullable type must be used instead in C:\Apache24\htdocs\omes_app\dompdf\vendor\dompdf\dompdf\src\FrameReflower\Block.php on line 781
[08-Aug-2025 07:45:21 UTC] PHP Deprecated:  Dompdf\FrameReflower\Text::reflow(): Implicitly marking parameter $block as nullable is deprecated, the explicit nullable type must be used instead in C:\Apache24\htdocs\omes_app\dompdf\vendor\dompdf\dompdf\src\FrameReflower\Text.php on line 377
[08-Aug-2025 07:45:21 UTC] PHP Deprecated:  Dompdf\FrameReflower\Table::reflow(): Implicitly marking parameter $block as nullable is deprecated, the explicit nullable type must be used instead in C:\Apache24\htdocs\omes_app\dompdf\vendor\dompdf\dompdf\src\FrameReflower\Table.php on line 299
[08-Aug-2025 07:45:21 UTC] PHP Deprecated:  Dompdf\FrameReflower\TableRowGroup::reflow(): Implicitly marking parameter $block as nullable is deprecated, the explicit nullable type must be used instead in C:\Apache24\htdocs\omes_app\dompdf\vendor\dompdf\dompdf\src\FrameReflower\TableRowGroup.php on line 33
[08-Aug-2025 07:45:21 UTC] PHP Deprecated:  Dompdf\FrameReflower\TableRow::reflow(): Implicitly marking parameter $block as nullable is deprecated, the explicit nullable type must be used instead in C:\Apache24\htdocs\omes_app\dompdf\vendor\dompdf\dompdf\src\FrameReflower\TableRow.php on line 33
[08-Aug-2025 07:45:21 UTC] PHP Deprecated:  Dompdf\FrameReflower\TableCell::reflow(): Implicitly marking parameter $block as nullable is deprecated, the explicit nullable type must be used instead in C:\Apache24\htdocs\omes_app\dompdf\vendor\dompdf\dompdf\src\FrameReflower\TableCell.php on line 32
[08-Aug-2025 07:45:21 UTC] PHP Deprecated:  Dompdf\FrameReflower\Image::reflow(): Implicitly marking parameter $block as nullable is deprecated, the explicit nullable type must be used instead in C:\Apache24\htdocs\omes_app\dompdf\vendor\dompdf\dompdf\src\FrameReflower\Image.php on line 33
[08-Aug-2025 07:45:21 UTC] PHP Deprecated:  Dompdf\FrameReflower\Inline::reflow(): Implicitly marking parameter $block as nullable is deprecated, the explicit nullable type must be used instead in C:\Apache24\htdocs\omes_app\dompdf\vendor\dompdf\dompdf\src\FrameReflower\Inline.php on line 77
[08-Aug-2025 07:46:12 UTC] PHP Deprecated:  Dompdf\Options::__construct(): Implicitly marking parameter $attributes as nullable is deprecated, the explicit nullable type must be used instead in C:\Apache24\htdocs\omes_app\dompdf\vendor\dompdf\dompdf\src\Options.php on line 312
[08-Aug-2025 07:46:12 UTC] PHP Deprecated:  Dompdf\FrameDecorator\AbstractFrameDecorator::reflow(): Implicitly marking parameter $block as nullable is deprecated, the explicit nullable type must be used instead in C:\Apache24\htdocs\omes_app\dompdf\vendor\dompdf\dompdf\src\FrameDecorator\AbstractFrameDecorator.php on line 908
[08-Aug-2025 07:46:12 UTC] PHP Deprecated:  Dompdf\FrameReflower\Page::reflow(): Implicitly marking parameter $block as nullable is deprecated, the explicit nullable type must be used instead in C:\Apache24\htdocs\omes_app\dompdf\vendor\dompdf\dompdf\src\FrameReflower\Page.php on line 94
[08-Aug-2025 07:46:12 UTC] PHP Deprecated:  Dompdf\FrameReflower\AbstractFrameReflower::reflow(): Implicitly marking parameter $block as nullable is deprecated, the explicit nullable type must be used instead in C:\Apache24\htdocs\omes_app\dompdf\vendor\dompdf\dompdf\src\FrameReflower\AbstractFrameReflower.php on line 290
[08-Aug-2025 07:46:12 UTC] PHP Deprecated:  Dompdf\FrameReflower\Block::reflow(): Implicitly marking parameter $block as nullable is deprecated, the explicit nullable type must be used instead in C:\Apache24\htdocs\omes_app\dompdf\vendor\dompdf\dompdf\src\FrameReflower\Block.php on line 781
[08-Aug-2025 07:46:12 UTC] PHP Deprecated:  Dompdf\FrameReflower\Text::reflow(): Implicitly marking parameter $block as nullable is deprecated, the explicit nullable type must be used instead in C:\Apache24\htdocs\omes_app\dompdf\vendor\dompdf\dompdf\src\FrameReflower\Text.php on line 377
[08-Aug-2025 07:46:12 UTC] PHP Deprecated:  Dompdf\FrameReflower\Table::reflow(): Implicitly marking parameter $block as nullable is deprecated, the explicit nullable type must be used instead in C:\Apache24\htdocs\omes_app\dompdf\vendor\dompdf\dompdf\src\FrameReflower\Table.php on line 299
[08-Aug-2025 07:46:12 UTC] PHP Deprecated:  Dompdf\FrameReflower\TableRowGroup::reflow(): Implicitly marking parameter $block as nullable is deprecated, the explicit nullable type must be used instead in C:\Apache24\htdocs\omes_app\dompdf\vendor\dompdf\dompdf\src\FrameReflower\TableRowGroup.php on line 33
[08-Aug-2025 07:46:12 UTC] PHP Deprecated:  Dompdf\FrameReflower\TableRow::reflow(): Implicitly marking parameter $block as nullable is deprecated, the explicit nullable type must be used instead in C:\Apache24\htdocs\omes_app\dompdf\vendor\dompdf\dompdf\src\FrameReflower\TableRow.php on line 33
[08-Aug-2025 07:46:12 UTC] PHP Deprecated:  Dompdf\FrameReflower\TableCell::reflow(): Implicitly marking parameter $block as nullable is deprecated, the explicit nullable type must be used instead in C:\Apache24\htdocs\omes_app\dompdf\vendor\dompdf\dompdf\src\FrameReflower\TableCell.php on line 32
[08-Aug-2025 07:46:12 UTC] PHP Deprecated:  Dompdf\FrameReflower\Image::reflow(): Implicitly marking parameter $block as nullable is deprecated, the explicit nullable type must be used instead in C:\Apache24\htdocs\omes_app\dompdf\vendor\dompdf\dompdf\src\FrameReflower\Image.php on line 33
[08-Aug-2025 07:46:12 UTC] PHP Deprecated:  Dompdf\FrameReflower\Inline::reflow(): Implicitly marking parameter $block as nullable is deprecated, the explicit nullable type must be used instead in C:\Apache24\htdocs\omes_app\dompdf\vendor\dompdf\dompdf\src\FrameReflower\Inline.php on line 77
[08-Aug-2025 07:46:26 UTC] PHP Deprecated:  Dompdf\Options::__construct(): Implicitly marking parameter $attributes as nullable is deprecated, the explicit nullable type must be used instead in C:\Apache24\htdocs\omes_app\dompdf\vendor\dompdf\dompdf\src\Options.php on line 312
[08-Aug-2025 07:46:27 UTC] PHP Deprecated:  Dompdf\FrameDecorator\AbstractFrameDecorator::reflow(): Implicitly marking parameter $block as nullable is deprecated, the explicit nullable type must be used instead in C:\Apache24\htdocs\omes_app\dompdf\vendor\dompdf\dompdf\src\FrameDecorator\AbstractFrameDecorator.php on line 908
[08-Aug-2025 07:46:27 UTC] PHP Deprecated:  Dompdf\FrameReflower\Page::reflow(): Implicitly marking parameter $block as nullable is deprecated, the explicit nullable type must be used instead in C:\Apache24\htdocs\omes_app\dompdf\vendor\dompdf\dompdf\src\FrameReflower\Page.php on line 94
[08-Aug-2025 07:46:27 UTC] PHP Deprecated:  Dompdf\FrameReflower\AbstractFrameReflower::reflow(): Implicitly marking parameter $block as nullable is deprecated, the explicit nullable type must be used instead in C:\Apache24\htdocs\omes_app\dompdf\vendor\dompdf\dompdf\src\FrameReflower\AbstractFrameReflower.php on line 290
[08-Aug-2025 07:46:27 UTC] PHP Deprecated:  Dompdf\FrameReflower\Block::reflow(): Implicitly marking parameter $block as nullable is deprecated, the explicit nullable type must be used instead in C:\Apache24\htdocs\omes_app\dompdf\vendor\dompdf\dompdf\src\FrameReflower\Block.php on line 781
[08-Aug-2025 07:46:27 UTC] PHP Deprecated:  Dompdf\FrameReflower\Text::reflow(): Implicitly marking parameter $block as nullable is deprecated, the explicit nullable type must be used instead in C:\Apache24\htdocs\omes_app\dompdf\vendor\dompdf\dompdf\src\FrameReflower\Text.php on line 377
[08-Aug-2025 07:46:27 UTC] PHP Deprecated:  Dompdf\FrameReflower\Table::reflow(): Implicitly marking parameter $block as nullable is deprecated, the explicit nullable type must be used instead in C:\Apache24\htdocs\omes_app\dompdf\vendor\dompdf\dompdf\src\FrameReflower\Table.php on line 299
[08-Aug-2025 07:46:27 UTC] PHP Deprecated:  Dompdf\FrameReflower\TableRowGroup::reflow(): Implicitly marking parameter $block as nullable is deprecated, the explicit nullable type must be used instead in C:\Apache24\htdocs\omes_app\dompdf\vendor\dompdf\dompdf\src\FrameReflower\TableRowGroup.php on line 33
[08-Aug-2025 07:46:27 UTC] PHP Deprecated:  Dompdf\FrameReflower\TableRow::reflow(): Implicitly marking parameter $block as nullable is deprecated, the explicit nullable type must be used instead in C:\Apache24\htdocs\omes_app\dompdf\vendor\dompdf\dompdf\src\FrameReflower\TableRow.php on line 33
[08-Aug-2025 07:46:27 UTC] PHP Deprecated:  Dompdf\FrameReflower\TableCell::reflow(): Implicitly marking parameter $block as nullable is deprecated, the explicit nullable type must be used instead in C:\Apache24\htdocs\omes_app\dompdf\vendor\dompdf\dompdf\src\FrameReflower\TableCell.php on line 32
[08-Aug-2025 07:46:27 UTC] PHP Deprecated:  Dompdf\FrameReflower\Image::reflow(): Implicitly marking parameter $block as nullable is deprecated, the explicit nullable type must be used instead in C:\Apache24\htdocs\omes_app\dompdf\vendor\dompdf\dompdf\src\FrameReflower\Image.php on line 33
[08-Aug-2025 07:46:27 UTC] PHP Deprecated:  Dompdf\FrameReflower\Inline::reflow(): Implicitly marking parameter $block as nullable is deprecated, the explicit nullable type must be used instead in C:\Apache24\htdocs\omes_app\dompdf\vendor\dompdf\dompdf\src\FrameReflower\Inline.php on line 77
[08-Aug-2025 07:47:05 UTC] PHP Deprecated:  Dompdf\Options::__construct(): Implicitly marking parameter $attributes as nullable is deprecated, the explicit nullable type must be used instead in C:\Apache24\htdocs\omes_app\dompdf\vendor\dompdf\dompdf\src\Options.php on line 312
[08-Aug-2025 07:47:06 UTC] PHP Deprecated:  Dompdf\FrameDecorator\AbstractFrameDecorator::reflow(): Implicitly marking parameter $block as nullable is deprecated, the explicit nullable type must be used instead in C:\Apache24\htdocs\omes_app\dompdf\vendor\dompdf\dompdf\src\FrameDecorator\AbstractFrameDecorator.php on line 908
[08-Aug-2025 07:47:06 UTC] PHP Deprecated:  Dompdf\FrameReflower\Page::reflow(): Implicitly marking parameter $block as nullable is deprecated, the explicit nullable type must be used instead in C:\Apache24\htdocs\omes_app\dompdf\vendor\dompdf\dompdf\src\FrameReflower\Page.php on line 94
[08-Aug-2025 07:47:06 UTC] PHP Deprecated:  Dompdf\FrameReflower\AbstractFrameReflower::reflow(): Implicitly marking parameter $block as nullable is deprecated, the explicit nullable type must be used instead in C:\Apache24\htdocs\omes_app\dompdf\vendor\dompdf\dompdf\src\FrameReflower\AbstractFrameReflower.php on line 290
[08-Aug-2025 07:47:06 UTC] PHP Deprecated:  Dompdf\FrameReflower\Block::reflow(): Implicitly marking parameter $block as nullable is deprecated, the explicit nullable type must be used instead in C:\Apache24\htdocs\omes_app\dompdf\vendor\dompdf\dompdf\src\FrameReflower\Block.php on line 781
[08-Aug-2025 07:47:06 UTC] PHP Deprecated:  Dompdf\FrameReflower\Text::reflow(): Implicitly marking parameter $block as nullable is deprecated, the explicit nullable type must be used instead in C:\Apache24\htdocs\omes_app\dompdf\vendor\dompdf\dompdf\src\FrameReflower\Text.php on line 377
[08-Aug-2025 07:47:06 UTC] PHP Deprecated:  Dompdf\FrameReflower\Table::reflow(): Implicitly marking parameter $block as nullable is deprecated, the explicit nullable type must be used instead in C:\Apache24\htdocs\omes_app\dompdf\vendor\dompdf\dompdf\src\FrameReflower\Table.php on line 299
[08-Aug-2025 07:47:06 UTC] PHP Deprecated:  Dompdf\FrameReflower\TableRowGroup::reflow(): Implicitly marking parameter $block as nullable is deprecated, the explicit nullable type must be used instead in C:\Apache24\htdocs\omes_app\dompdf\vendor\dompdf\dompdf\src\FrameReflower\TableRowGroup.php on line 33
[08-Aug-2025 07:47:06 UTC] PHP Deprecated:  Dompdf\FrameReflower\TableRow::reflow(): Implicitly marking parameter $block as nullable is deprecated, the explicit nullable type must be used instead in C:\Apache24\htdocs\omes_app\dompdf\vendor\dompdf\dompdf\src\FrameReflower\TableRow.php on line 33
[08-Aug-2025 07:47:06 UTC] PHP Deprecated:  Dompdf\FrameReflower\TableCell::reflow(): Implicitly marking parameter $block as nullable is deprecated, the explicit nullable type must be used instead in C:\Apache24\htdocs\omes_app\dompdf\vendor\dompdf\dompdf\src\FrameReflower\TableCell.php on line 32
[08-Aug-2025 07:47:06 UTC] PHP Deprecated:  Dompdf\FrameReflower\Image::reflow(): Implicitly marking parameter $block as nullable is deprecated, the explicit nullable type must be used instead in C:\Apache24\htdocs\omes_app\dompdf\vendor\dompdf\dompdf\src\FrameReflower\Image.php on line 33
[08-Aug-2025 07:47:06 UTC] PHP Deprecated:  Dompdf\FrameReflower\Inline::reflow(): Implicitly marking parameter $block as nullable is deprecated, the explicit nullable type must be used instead in C:\Apache24\htdocs\omes_app\dompdf\vendor\dompdf\dompdf\src\FrameReflower\Inline.php on line 77
[08-Aug-2025 07:47:29 UTC] PHP Deprecated:  Dompdf\Options::__construct(): Implicitly marking parameter $attributes as nullable is deprecated, the explicit nullable type must be used instead in C:\Apache24\htdocs\omes_app\dompdf\vendor\dompdf\dompdf\src\Options.php on line 312
[08-Aug-2025 07:47:29 UTC] PHP Deprecated:  Dompdf\FrameDecorator\AbstractFrameDecorator::reflow(): Implicitly marking parameter $block as nullable is deprecated, the explicit nullable type must be used instead in C:\Apache24\htdocs\omes_app\dompdf\vendor\dompdf\dompdf\src\FrameDecorator\AbstractFrameDecorator.php on line 908
[08-Aug-2025 07:47:29 UTC] PHP Deprecated:  Dompdf\FrameReflower\Page::reflow(): Implicitly marking parameter $block as nullable is deprecated, the explicit nullable type must be used instead in C:\Apache24\htdocs\omes_app\dompdf\vendor\dompdf\dompdf\src\FrameReflower\Page.php on line 94
[08-Aug-2025 07:47:29 UTC] PHP Deprecated:  Dompdf\FrameReflower\AbstractFrameReflower::reflow(): Implicitly marking parameter $block as nullable is deprecated, the explicit nullable type must be used instead in C:\Apache24\htdocs\omes_app\dompdf\vendor\dompdf\dompdf\src\FrameReflower\AbstractFrameReflower.php on line 290
[08-Aug-2025 07:47:29 UTC] PHP Deprecated:  Dompdf\FrameReflower\Block::reflow(): Implicitly marking parameter $block as nullable is deprecated, the explicit nullable type must be used instead in C:\Apache24\htdocs\omes_app\dompdf\vendor\dompdf\dompdf\src\FrameReflower\Block.php on line 781
[08-Aug-2025 07:47:29 UTC] PHP Deprecated:  Dompdf\FrameReflower\Text::reflow(): Implicitly marking parameter $block as nullable is deprecated, the explicit nullable type must be used instead in C:\Apache24\htdocs\omes_app\dompdf\vendor\dompdf\dompdf\src\FrameReflower\Text.php on line 377
[08-Aug-2025 07:47:29 UTC] PHP Deprecated:  Dompdf\FrameReflower\Table::reflow(): Implicitly marking parameter $block as nullable is deprecated, the explicit nullable type must be used instead in C:\Apache24\htdocs\omes_app\dompdf\vendor\dompdf\dompdf\src\FrameReflower\Table.php on line 299
[08-Aug-2025 07:47:29 UTC] PHP Deprecated:  Dompdf\FrameReflower\TableRowGroup::reflow(): Implicitly marking parameter $block as nullable is deprecated, the explicit nullable type must be used instead in C:\Apache24\htdocs\omes_app\dompdf\vendor\dompdf\dompdf\src\FrameReflower\TableRowGroup.php on line 33
[08-Aug-2025 07:47:29 UTC] PHP Deprecated:  Dompdf\FrameReflower\TableRow::reflow(): Implicitly marking parameter $block as nullable is deprecated, the explicit nullable type must be used instead in C:\Apache24\htdocs\omes_app\dompdf\vendor\dompdf\dompdf\src\FrameReflower\TableRow.php on line 33
[08-Aug-2025 07:47:29 UTC] PHP Deprecated:  Dompdf\FrameReflower\TableCell::reflow(): Implicitly marking parameter $block as nullable is deprecated, the explicit nullable type must be used instead in C:\Apache24\htdocs\omes_app\dompdf\vendor\dompdf\dompdf\src\FrameReflower\TableCell.php on line 32
[08-Aug-2025 07:47:29 UTC] PHP Deprecated:  Dompdf\FrameReflower\Image::reflow(): Implicitly marking parameter $block as nullable is deprecated, the explicit nullable type must be used instead in C:\Apache24\htdocs\omes_app\dompdf\vendor\dompdf\dompdf\src\FrameReflower\Image.php on line 33
[08-Aug-2025 07:47:29 UTC] PHP Deprecated:  Dompdf\FrameReflower\Inline::reflow(): Implicitly marking parameter $block as nullable is deprecated, the explicit nullable type must be used instead in C:\Apache24\htdocs\omes_app\dompdf\vendor\dompdf\dompdf\src\FrameReflower\Inline.php on line 77
[08-Aug-2025 07:47:39 UTC] PHP Deprecated:  Dompdf\Options::__construct(): Implicitly marking parameter $attributes as nullable is deprecated, the explicit nullable type must be used instead in C:\Apache24\htdocs\omes_app\dompdf\vendor\dompdf\dompdf\src\Options.php on line 312
[08-Aug-2025 07:47:40 UTC] PHP Deprecated:  Dompdf\FrameDecorator\AbstractFrameDecorator::reflow(): Implicitly marking parameter $block as nullable is deprecated, the explicit nullable type must be used instead in C:\Apache24\htdocs\omes_app\dompdf\vendor\dompdf\dompdf\src\FrameDecorator\AbstractFrameDecorator.php on line 908
[08-Aug-2025 07:47:40 UTC] PHP Deprecated:  Dompdf\FrameReflower\Page::reflow(): Implicitly marking parameter $block as nullable is deprecated, the explicit nullable type must be used instead in C:\Apache24\htdocs\omes_app\dompdf\vendor\dompdf\dompdf\src\FrameReflower\Page.php on line 94
[08-Aug-2025 07:47:40 UTC] PHP Deprecated:  Dompdf\FrameReflower\AbstractFrameReflower::reflow(): Implicitly marking parameter $block as nullable is deprecated, the explicit nullable type must be used instead in C:\Apache24\htdocs\omes_app\dompdf\vendor\dompdf\dompdf\src\FrameReflower\AbstractFrameReflower.php on line 290
[08-Aug-2025 07:47:40 UTC] PHP Deprecated:  Dompdf\FrameReflower\Block::reflow(): Implicitly marking parameter $block as nullable is deprecated, the explicit nullable type must be used instead in C:\Apache24\htdocs\omes_app\dompdf\vendor\dompdf\dompdf\src\FrameReflower\Block.php on line 781
[08-Aug-2025 07:47:40 UTC] PHP Deprecated:  Dompdf\FrameReflower\Text::reflow(): Implicitly marking parameter $block as nullable is deprecated, the explicit nullable type must be used instead in C:\Apache24\htdocs\omes_app\dompdf\vendor\dompdf\dompdf\src\FrameReflower\Text.php on line 377
[08-Aug-2025 07:47:40 UTC] PHP Deprecated:  Dompdf\FrameReflower\Table::reflow(): Implicitly marking parameter $block as nullable is deprecated, the explicit nullable type must be used instead in C:\Apache24\htdocs\omes_app\dompdf\vendor\dompdf\dompdf\src\FrameReflower\Table.php on line 299
[08-Aug-2025 07:47:40 UTC] PHP Deprecated:  Dompdf\FrameReflower\TableRowGroup::reflow(): Implicitly marking parameter $block as nullable is deprecated, the explicit nullable type must be used instead in C:\Apache24\htdocs\omes_app\dompdf\vendor\dompdf\dompdf\src\FrameReflower\TableRowGroup.php on line 33
[08-Aug-2025 07:47:40 UTC] PHP Deprecated:  Dompdf\FrameReflower\TableRow::reflow(): Implicitly marking parameter $block as nullable is deprecated, the explicit nullable type must be used instead in C:\Apache24\htdocs\omes_app\dompdf\vendor\dompdf\dompdf\src\FrameReflower\TableRow.php on line 33
[08-Aug-2025 07:47:40 UTC] PHP Deprecated:  Dompdf\FrameReflower\TableCell::reflow(): Implicitly marking parameter $block as nullable is deprecated, the explicit nullable type must be used instead in C:\Apache24\htdocs\omes_app\dompdf\vendor\dompdf\dompdf\src\FrameReflower\TableCell.php on line 32
[08-Aug-2025 07:47:40 UTC] PHP Deprecated:  Dompdf\FrameReflower\Image::reflow(): Implicitly marking parameter $block as nullable is deprecated, the explicit nullable type must be used instead in C:\Apache24\htdocs\omes_app\dompdf\vendor\dompdf\dompdf\src\FrameReflower\Image.php on line 33
[08-Aug-2025 07:47:40 UTC] PHP Deprecated:  Dompdf\FrameReflower\Inline::reflow(): Implicitly marking parameter $block as nullable is deprecated, the explicit nullable type must be used instead in C:\Apache24\htdocs\omes_app\dompdf\vendor\dompdf\dompdf\src\FrameReflower\Inline.php on line 77
[08-Aug-2025 07:49:08 UTC] PHP Deprecated:  Dompdf\Options::__construct(): Implicitly marking parameter $attributes as nullable is deprecated, the explicit nullable type must be used instead in C:\Apache24\htdocs\omes_app\dompdf\vendor\dompdf\dompdf\src\Options.php on line 312
[08-Aug-2025 07:49:08 UTC] PHP Deprecated:  Dompdf\FrameDecorator\AbstractFrameDecorator::reflow(): Implicitly marking parameter $block as nullable is deprecated, the explicit nullable type must be used instead in C:\Apache24\htdocs\omes_app\dompdf\vendor\dompdf\dompdf\src\FrameDecorator\AbstractFrameDecorator.php on line 908
[08-Aug-2025 07:49:08 UTC] PHP Deprecated:  Dompdf\FrameReflower\Page::reflow(): Implicitly marking parameter $block as nullable is deprecated, the explicit nullable type must be used instead in C:\Apache24\htdocs\omes_app\dompdf\vendor\dompdf\dompdf\src\FrameReflower\Page.php on line 94
[08-Aug-2025 07:49:08 UTC] PHP Deprecated:  Dompdf\FrameReflower\AbstractFrameReflower::reflow(): Implicitly marking parameter $block as nullable is deprecated, the explicit nullable type must be used instead in C:\Apache24\htdocs\omes_app\dompdf\vendor\dompdf\dompdf\src\FrameReflower\AbstractFrameReflower.php on line 290
[08-Aug-2025 07:49:08 UTC] PHP Deprecated:  Dompdf\FrameReflower\Block::reflow(): Implicitly marking parameter $block as nullable is deprecated, the explicit nullable type must be used instead in C:\Apache24\htdocs\omes_app\dompdf\vendor\dompdf\dompdf\src\FrameReflower\Block.php on line 781
[08-Aug-2025 07:49:08 UTC] PHP Deprecated:  Dompdf\FrameReflower\Text::reflow(): Implicitly marking parameter $block as nullable is deprecated, the explicit nullable type must be used instead in C:\Apache24\htdocs\omes_app\dompdf\vendor\dompdf\dompdf\src\FrameReflower\Text.php on line 377
[08-Aug-2025 07:49:08 UTC] PHP Deprecated:  Dompdf\FrameReflower\Table::reflow(): Implicitly marking parameter $block as nullable is deprecated, the explicit nullable type must be used instead in C:\Apache24\htdocs\omes_app\dompdf\vendor\dompdf\dompdf\src\FrameReflower\Table.php on line 299
[08-Aug-2025 07:49:08 UTC] PHP Deprecated:  Dompdf\FrameReflower\TableRowGroup::reflow(): Implicitly marking parameter $block as nullable is deprecated, the explicit nullable type must be used instead in C:\Apache24\htdocs\omes_app\dompdf\vendor\dompdf\dompdf\src\FrameReflower\TableRowGroup.php on line 33
[08-Aug-2025 07:49:08 UTC] PHP Deprecated:  Dompdf\FrameReflower\TableRow::reflow(): Implicitly marking parameter $block as nullable is deprecated, the explicit nullable type must be used instead in C:\Apache24\htdocs\omes_app\dompdf\vendor\dompdf\dompdf\src\FrameReflower\TableRow.php on line 33
[08-Aug-2025 07:49:08 UTC] PHP Deprecated:  Dompdf\FrameReflower\TableCell::reflow(): Implicitly marking parameter $block as nullable is deprecated, the explicit nullable type must be used instead in C:\Apache24\htdocs\omes_app\dompdf\vendor\dompdf\dompdf\src\FrameReflower\TableCell.php on line 32
[08-Aug-2025 07:49:08 UTC] PHP Deprecated:  Dompdf\FrameReflower\Image::reflow(): Implicitly marking parameter $block as nullable is deprecated, the explicit nullable type must be used instead in C:\Apache24\htdocs\omes_app\dompdf\vendor\dompdf\dompdf\src\FrameReflower\Image.php on line 33
[08-Aug-2025 07:49:08 UTC] PHP Deprecated:  Dompdf\FrameReflower\Inline::reflow(): Implicitly marking parameter $block as nullable is deprecated, the explicit nullable type must be used instead in C:\Apache24\htdocs\omes_app\dompdf\vendor\dompdf\dompdf\src\FrameReflower\Inline.php on line 77
[08-Aug-2025 07:49:38 UTC] PHP Deprecated:  Dompdf\Options::__construct(): Implicitly marking parameter $attributes as nullable is deprecated, the explicit nullable type must be used instead in C:\Apache24\htdocs\omes_app\dompdf\vendor\dompdf\dompdf\src\Options.php on line 312
[08-Aug-2025 07:49:38 UTC] PHP Deprecated:  Dompdf\FrameDecorator\AbstractFrameDecorator::reflow(): Implicitly marking parameter $block as nullable is deprecated, the explicit nullable type must be used instead in C:\Apache24\htdocs\omes_app\dompdf\vendor\dompdf\dompdf\src\FrameDecorator\AbstractFrameDecorator.php on line 908
[08-Aug-2025 07:49:38 UTC] PHP Deprecated:  Dompdf\FrameReflower\Page::reflow(): Implicitly marking parameter $block as nullable is deprecated, the explicit nullable type must be used instead in C:\Apache24\htdocs\omes_app\dompdf\vendor\dompdf\dompdf\src\FrameReflower\Page.php on line 94
[08-Aug-2025 07:49:38 UTC] PHP Deprecated:  Dompdf\FrameReflower\AbstractFrameReflower::reflow(): Implicitly marking parameter $block as nullable is deprecated, the explicit nullable type must be used instead in C:\Apache24\htdocs\omes_app\dompdf\vendor\dompdf\dompdf\src\FrameReflower\AbstractFrameReflower.php on line 290
[08-Aug-2025 07:49:38 UTC] PHP Deprecated:  Dompdf\FrameReflower\Block::reflow(): Implicitly marking parameter $block as nullable is deprecated, the explicit nullable type must be used instead in C:\Apache24\htdocs\omes_app\dompdf\vendor\dompdf\dompdf\src\FrameReflower\Block.php on line 781
[08-Aug-2025 07:49:39 UTC] PHP Deprecated:  Dompdf\FrameReflower\Text::reflow(): Implicitly marking parameter $block as nullable is deprecated, the explicit nullable type must be used instead in C:\Apache24\htdocs\omes_app\dompdf\vendor\dompdf\dompdf\src\FrameReflower\Text.php on line 377
[08-Aug-2025 07:49:39 UTC] PHP Deprecated:  Dompdf\FrameReflower\Table::reflow(): Implicitly marking parameter $block as nullable is deprecated, the explicit nullable type must be used instead in C:\Apache24\htdocs\omes_app\dompdf\vendor\dompdf\dompdf\src\FrameReflower\Table.php on line 299
[08-Aug-2025 07:49:39 UTC] PHP Deprecated:  Dompdf\FrameReflower\TableRowGroup::reflow(): Implicitly marking parameter $block as nullable is deprecated, the explicit nullable type must be used instead in C:\Apache24\htdocs\omes_app\dompdf\vendor\dompdf\dompdf\src\FrameReflower\TableRowGroup.php on line 33
[08-Aug-2025 07:49:39 UTC] PHP Deprecated:  Dompdf\FrameReflower\TableRow::reflow(): Implicitly marking parameter $block as nullable is deprecated, the explicit nullable type must be used instead in C:\Apache24\htdocs\omes_app\dompdf\vendor\dompdf\dompdf\src\FrameReflower\TableRow.php on line 33
[08-Aug-2025 07:49:39 UTC] PHP Deprecated:  Dompdf\FrameReflower\TableCell::reflow(): Implicitly marking parameter $block as nullable is deprecated, the explicit nullable type must be used instead in C:\Apache24\htdocs\omes_app\dompdf\vendor\dompdf\dompdf\src\FrameReflower\TableCell.php on line 32
[08-Aug-2025 07:49:39 UTC] PHP Deprecated:  Dompdf\FrameReflower\Image::reflow(): Implicitly marking parameter $block as nullable is deprecated, the explicit nullable type must be used instead in C:\Apache24\htdocs\omes_app\dompdf\vendor\dompdf\dompdf\src\FrameReflower\Image.php on line 33
[08-Aug-2025 07:49:39 UTC] PHP Deprecated:  Dompdf\FrameReflower\Inline::reflow(): Implicitly marking parameter $block as nullable is deprecated, the explicit nullable type must be used instead in C:\Apache24\htdocs\omes_app\dompdf\vendor\dompdf\dompdf\src\FrameReflower\Inline.php on line 77
[08-Aug-2025 07:50:05 UTC] PHP Deprecated:  Dompdf\Options::__construct(): Implicitly marking parameter $attributes as nullable is deprecated, the explicit nullable type must be used instead in C:\Apache24\htdocs\omes_app\dompdf\vendor\dompdf\dompdf\src\Options.php on line 312
[08-Aug-2025 07:50:05 UTC] PHP Deprecated:  Dompdf\FrameDecorator\AbstractFrameDecorator::reflow(): Implicitly marking parameter $block as nullable is deprecated, the explicit nullable type must be used instead in C:\Apache24\htdocs\omes_app\dompdf\vendor\dompdf\dompdf\src\FrameDecorator\AbstractFrameDecorator.php on line 908
[08-Aug-2025 07:50:05 UTC] PHP Deprecated:  Dompdf\FrameReflower\Page::reflow(): Implicitly marking parameter $block as nullable is deprecated, the explicit nullable type must be used instead in C:\Apache24\htdocs\omes_app\dompdf\vendor\dompdf\dompdf\src\FrameReflower\Page.php on line 94
[08-Aug-2025 07:50:05 UTC] PHP Deprecated:  Dompdf\FrameReflower\AbstractFrameReflower::reflow(): Implicitly marking parameter $block as nullable is deprecated, the explicit nullable type must be used instead in C:\Apache24\htdocs\omes_app\dompdf\vendor\dompdf\dompdf\src\FrameReflower\AbstractFrameReflower.php on line 290
[08-Aug-2025 07:50:05 UTC] PHP Deprecated:  Dompdf\FrameReflower\Block::reflow(): Implicitly marking parameter $block as nullable is deprecated, the explicit nullable type must be used instead in C:\Apache24\htdocs\omes_app\dompdf\vendor\dompdf\dompdf\src\FrameReflower\Block.php on line 781
[08-Aug-2025 07:50:05 UTC] PHP Deprecated:  Dompdf\FrameReflower\Text::reflow(): Implicitly marking parameter $block as nullable is deprecated, the explicit nullable type must be used instead in C:\Apache24\htdocs\omes_app\dompdf\vendor\dompdf\dompdf\src\FrameReflower\Text.php on line 377
[08-Aug-2025 07:50:05 UTC] PHP Deprecated:  Dompdf\FrameReflower\Table::reflow(): Implicitly marking parameter $block as nullable is deprecated, the explicit nullable type must be used instead in C:\Apache24\htdocs\omes_app\dompdf\vendor\dompdf\dompdf\src\FrameReflower\Table.php on line 299
[08-Aug-2025 07:50:05 UTC] PHP Deprecated:  Dompdf\FrameReflower\TableRowGroup::reflow(): Implicitly marking parameter $block as nullable is deprecated, the explicit nullable type must be used instead in C:\Apache24\htdocs\omes_app\dompdf\vendor\dompdf\dompdf\src\FrameReflower\TableRowGroup.php on line 33
[08-Aug-2025 07:50:05 UTC] PHP Deprecated:  Dompdf\FrameReflower\TableRow::reflow(): Implicitly marking parameter $block as nullable is deprecated, the explicit nullable type must be used instead in C:\Apache24\htdocs\omes_app\dompdf\vendor\dompdf\dompdf\src\FrameReflower\TableRow.php on line 33
[08-Aug-2025 07:50:05 UTC] PHP Deprecated:  Dompdf\FrameReflower\TableCell::reflow(): Implicitly marking parameter $block as nullable is deprecated, the explicit nullable type must be used instead in C:\Apache24\htdocs\omes_app\dompdf\vendor\dompdf\dompdf\src\FrameReflower\TableCell.php on line 32
[08-Aug-2025 07:50:05 UTC] PHP Deprecated:  Dompdf\FrameReflower\Image::reflow(): Implicitly marking parameter $block as nullable is deprecated, the explicit nullable type must be used instead in C:\Apache24\htdocs\omes_app\dompdf\vendor\dompdf\dompdf\src\FrameReflower\Image.php on line 33
[08-Aug-2025 07:50:05 UTC] PHP Deprecated:  Dompdf\FrameReflower\Inline::reflow(): Implicitly marking parameter $block as nullable is deprecated, the explicit nullable type must be used instead in C:\Apache24\htdocs\omes_app\dompdf\vendor\dompdf\dompdf\src\FrameReflower\Inline.php on line 77
[08-Aug-2025 07:50:33 UTC] PHP Deprecated:  Dompdf\Options::__construct(): Implicitly marking parameter $attributes as nullable is deprecated, the explicit nullable type must be used instead in C:\Apache24\htdocs\omes_app\dompdf\vendor\dompdf\dompdf\src\Options.php on line 312
[08-Aug-2025 07:50:34 UTC] PHP Deprecated:  Dompdf\FrameDecorator\AbstractFrameDecorator::reflow(): Implicitly marking parameter $block as nullable is deprecated, the explicit nullable type must be used instead in C:\Apache24\htdocs\omes_app\dompdf\vendor\dompdf\dompdf\src\FrameDecorator\AbstractFrameDecorator.php on line 908
[08-Aug-2025 07:50:34 UTC] PHP Deprecated:  Dompdf\FrameReflower\Page::reflow(): Implicitly marking parameter $block as nullable is deprecated, the explicit nullable type must be used instead in C:\Apache24\htdocs\omes_app\dompdf\vendor\dompdf\dompdf\src\FrameReflower\Page.php on line 94
[08-Aug-2025 07:50:34 UTC] PHP Deprecated:  Dompdf\FrameReflower\AbstractFrameReflower::reflow(): Implicitly marking parameter $block as nullable is deprecated, the explicit nullable type must be used instead in C:\Apache24\htdocs\omes_app\dompdf\vendor\dompdf\dompdf\src\FrameReflower\AbstractFrameReflower.php on line 290
[08-Aug-2025 07:50:34 UTC] PHP Deprecated:  Dompdf\FrameReflower\Block::reflow(): Implicitly marking parameter $block as nullable is deprecated, the explicit nullable type must be used instead in C:\Apache24\htdocs\omes_app\dompdf\vendor\dompdf\dompdf\src\FrameReflower\Block.php on line 781
[08-Aug-2025 07:50:34 UTC] PHP Deprecated:  Dompdf\FrameReflower\Text::reflow(): Implicitly marking parameter $block as nullable is deprecated, the explicit nullable type must be used instead in C:\Apache24\htdocs\omes_app\dompdf\vendor\dompdf\dompdf\src\FrameReflower\Text.php on line 377
[08-Aug-2025 07:50:34 UTC] PHP Deprecated:  Dompdf\FrameReflower\Table::reflow(): Implicitly marking parameter $block as nullable is deprecated, the explicit nullable type must be used instead in C:\Apache24\htdocs\omes_app\dompdf\vendor\dompdf\dompdf\src\FrameReflower\Table.php on line 299
[08-Aug-2025 07:50:34 UTC] PHP Deprecated:  Dompdf\FrameReflower\TableRowGroup::reflow(): Implicitly marking parameter $block as nullable is deprecated, the explicit nullable type must be used instead in C:\Apache24\htdocs\omes_app\dompdf\vendor\dompdf\dompdf\src\FrameReflower\TableRowGroup.php on line 33
[08-Aug-2025 07:50:34 UTC] PHP Deprecated:  Dompdf\FrameReflower\TableRow::reflow(): Implicitly marking parameter $block as nullable is deprecated, the explicit nullable type must be used instead in C:\Apache24\htdocs\omes_app\dompdf\vendor\dompdf\dompdf\src\FrameReflower\TableRow.php on line 33
[08-Aug-2025 07:50:34 UTC] PHP Deprecated:  Dompdf\FrameReflower\TableCell::reflow(): Implicitly marking parameter $block as nullable is deprecated, the explicit nullable type must be used instead in C:\Apache24\htdocs\omes_app\dompdf\vendor\dompdf\dompdf\src\FrameReflower\TableCell.php on line 32
[08-Aug-2025 07:50:34 UTC] PHP Deprecated:  Dompdf\FrameReflower\Image::reflow(): Implicitly marking parameter $block as nullable is deprecated, the explicit nullable type must be used instead in C:\Apache24\htdocs\omes_app\dompdf\vendor\dompdf\dompdf\src\FrameReflower\Image.php on line 33
[08-Aug-2025 07:50:34 UTC] PHP Deprecated:  Dompdf\FrameReflower\Inline::reflow(): Implicitly marking parameter $block as nullable is deprecated, the explicit nullable type must be used instead in C:\Apache24\htdocs\omes_app\dompdf\vendor\dompdf\dompdf\src\FrameReflower\Inline.php on line 77
[08-Aug-2025 07:52:46 UTC] PHP Deprecated:  Dompdf\Options::__construct(): Implicitly marking parameter $attributes as nullable is deprecated, the explicit nullable type must be used instead in C:\Apache24\htdocs\omes_app\dompdf\vendor\dompdf\dompdf\src\Options.php on line 312
[08-Aug-2025 07:52:46 UTC] PHP Deprecated:  Dompdf\FrameDecorator\AbstractFrameDecorator::reflow(): Implicitly marking parameter $block as nullable is deprecated, the explicit nullable type must be used instead in C:\Apache24\htdocs\omes_app\dompdf\vendor\dompdf\dompdf\src\FrameDecorator\AbstractFrameDecorator.php on line 908
[08-Aug-2025 07:52:46 UTC] PHP Deprecated:  Dompdf\FrameReflower\Page::reflow(): Implicitly marking parameter $block as nullable is deprecated, the explicit nullable type must be used instead in C:\Apache24\htdocs\omes_app\dompdf\vendor\dompdf\dompdf\src\FrameReflower\Page.php on line 94
[08-Aug-2025 07:52:46 UTC] PHP Deprecated:  Dompdf\FrameReflower\AbstractFrameReflower::reflow(): Implicitly marking parameter $block as nullable is deprecated, the explicit nullable type must be used instead in C:\Apache24\htdocs\omes_app\dompdf\vendor\dompdf\dompdf\src\FrameReflower\AbstractFrameReflower.php on line 290
[08-Aug-2025 07:52:46 UTC] PHP Deprecated:  Dompdf\FrameReflower\Block::reflow(): Implicitly marking parameter $block as nullable is deprecated, the explicit nullable type must be used instead in C:\Apache24\htdocs\omes_app\dompdf\vendor\dompdf\dompdf\src\FrameReflower\Block.php on line 781
[08-Aug-2025 07:52:46 UTC] PHP Deprecated:  Dompdf\FrameReflower\Text::reflow(): Implicitly marking parameter $block as nullable is deprecated, the explicit nullable type must be used instead in C:\Apache24\htdocs\omes_app\dompdf\vendor\dompdf\dompdf\src\FrameReflower\Text.php on line 377
[08-Aug-2025 07:52:46 UTC] PHP Deprecated:  Dompdf\FrameReflower\Table::reflow(): Implicitly marking parameter $block as nullable is deprecated, the explicit nullable type must be used instead in C:\Apache24\htdocs\omes_app\dompdf\vendor\dompdf\dompdf\src\FrameReflower\Table.php on line 299
[08-Aug-2025 07:52:46 UTC] PHP Deprecated:  Dompdf\FrameReflower\TableRowGroup::reflow(): Implicitly marking parameter $block as nullable is deprecated, the explicit nullable type must be used instead in C:\Apache24\htdocs\omes_app\dompdf\vendor\dompdf\dompdf\src\FrameReflower\TableRowGroup.php on line 33
[08-Aug-2025 07:52:46 UTC] PHP Deprecated:  Dompdf\FrameReflower\TableRow::reflow(): Implicitly marking parameter $block as nullable is deprecated, the explicit nullable type must be used instead in C:\Apache24\htdocs\omes_app\dompdf\vendor\dompdf\dompdf\src\FrameReflower\TableRow.php on line 33
[08-Aug-2025 07:52:46 UTC] PHP Deprecated:  Dompdf\FrameReflower\TableCell::reflow(): Implicitly marking parameter $block as nullable is deprecated, the explicit nullable type must be used instead in C:\Apache24\htdocs\omes_app\dompdf\vendor\dompdf\dompdf\src\FrameReflower\TableCell.php on line 32
[08-Aug-2025 07:52:46 UTC] PHP Deprecated:  Dompdf\FrameReflower\Image::reflow(): Implicitly marking parameter $block as nullable is deprecated, the explicit nullable type must be used instead in C:\Apache24\htdocs\omes_app\dompdf\vendor\dompdf\dompdf\src\FrameReflower\Image.php on line 33
[08-Aug-2025 07:52:46 UTC] PHP Deprecated:  Dompdf\FrameReflower\Inline::reflow(): Implicitly marking parameter $block as nullable is deprecated, the explicit nullable type must be used instead in C:\Apache24\htdocs\omes_app\dompdf\vendor\dompdf\dompdf\src\FrameReflower\Inline.php on line 77
[08-Aug-2025 07:53:05 UTC] PHP Deprecated:  Dompdf\Options::__construct(): Implicitly marking parameter $attributes as nullable is deprecated, the explicit nullable type must be used instead in C:\Apache24\htdocs\omes_app\dompdf\vendor\dompdf\dompdf\src\Options.php on line 312
[08-Aug-2025 07:53:05 UTC] PHP Deprecated:  Dompdf\FrameDecorator\AbstractFrameDecorator::reflow(): Implicitly marking parameter $block as nullable is deprecated, the explicit nullable type must be used instead in C:\Apache24\htdocs\omes_app\dompdf\vendor\dompdf\dompdf\src\FrameDecorator\AbstractFrameDecorator.php on line 908
[08-Aug-2025 07:53:05 UTC] PHP Deprecated:  Dompdf\FrameReflower\Page::reflow(): Implicitly marking parameter $block as nullable is deprecated, the explicit nullable type must be used instead in C:\Apache24\htdocs\omes_app\dompdf\vendor\dompdf\dompdf\src\FrameReflower\Page.php on line 94
[08-Aug-2025 07:53:05 UTC] PHP Deprecated:  Dompdf\FrameReflower\AbstractFrameReflower::reflow(): Implicitly marking parameter $block as nullable is deprecated, the explicit nullable type must be used instead in C:\Apache24\htdocs\omes_app\dompdf\vendor\dompdf\dompdf\src\FrameReflower\AbstractFrameReflower.php on line 290
[08-Aug-2025 07:53:06 UTC] PHP Deprecated:  Dompdf\FrameReflower\Block::reflow(): Implicitly marking parameter $block as nullable is deprecated, the explicit nullable type must be used instead in C:\Apache24\htdocs\omes_app\dompdf\vendor\dompdf\dompdf\src\FrameReflower\Block.php on line 781
[08-Aug-2025 07:53:06 UTC] PHP Deprecated:  Dompdf\FrameReflower\Text::reflow(): Implicitly marking parameter $block as nullable is deprecated, the explicit nullable type must be used instead in C:\Apache24\htdocs\omes_app\dompdf\vendor\dompdf\dompdf\src\FrameReflower\Text.php on line 377
[08-Aug-2025 07:53:06 UTC] PHP Deprecated:  Dompdf\FrameReflower\Table::reflow(): Implicitly marking parameter $block as nullable is deprecated, the explicit nullable type must be used instead in C:\Apache24\htdocs\omes_app\dompdf\vendor\dompdf\dompdf\src\FrameReflower\Table.php on line 299
[08-Aug-2025 07:53:06 UTC] PHP Deprecated:  Dompdf\FrameReflower\TableRowGroup::reflow(): Implicitly marking parameter $block as nullable is deprecated, the explicit nullable type must be used instead in C:\Apache24\htdocs\omes_app\dompdf\vendor\dompdf\dompdf\src\FrameReflower\TableRowGroup.php on line 33
[08-Aug-2025 07:53:06 UTC] PHP Deprecated:  Dompdf\FrameReflower\TableRow::reflow(): Implicitly marking parameter $block as nullable is deprecated, the explicit nullable type must be used instead in C:\Apache24\htdocs\omes_app\dompdf\vendor\dompdf\dompdf\src\FrameReflower\TableRow.php on line 33
[08-Aug-2025 07:53:06 UTC] PHP Deprecated:  Dompdf\FrameReflower\TableCell::reflow(): Implicitly marking parameter $block as nullable is deprecated, the explicit nullable type must be used instead in C:\Apache24\htdocs\omes_app\dompdf\vendor\dompdf\dompdf\src\FrameReflower\TableCell.php on line 32
[08-Aug-2025 07:53:06 UTC] PHP Deprecated:  Dompdf\FrameReflower\Image::reflow(): Implicitly marking parameter $block as nullable is deprecated, the explicit nullable type must be used instead in C:\Apache24\htdocs\omes_app\dompdf\vendor\dompdf\dompdf\src\FrameReflower\Image.php on line 33
[08-Aug-2025 07:53:06 UTC] PHP Deprecated:  Dompdf\FrameReflower\Inline::reflow(): Implicitly marking parameter $block as nullable is deprecated, the explicit nullable type must be used instead in C:\Apache24\htdocs\omes_app\dompdf\vendor\dompdf\dompdf\src\FrameReflower\Inline.php on line 77
[08-Aug-2025 07:53:10 UTC] PHP Deprecated:  Dompdf\Options::__construct(): Implicitly marking parameter $attributes as nullable is deprecated, the explicit nullable type must be used instead in C:\Apache24\htdocs\omes_app\dompdf\vendor\dompdf\dompdf\src\Options.php on line 312
[08-Aug-2025 07:53:10 UTC] PHP Deprecated:  Dompdf\FrameDecorator\AbstractFrameDecorator::reflow(): Implicitly marking parameter $block as nullable is deprecated, the explicit nullable type must be used instead in C:\Apache24\htdocs\omes_app\dompdf\vendor\dompdf\dompdf\src\FrameDecorator\AbstractFrameDecorator.php on line 908
[08-Aug-2025 07:53:10 UTC] PHP Deprecated:  Dompdf\FrameReflower\Page::reflow(): Implicitly marking parameter $block as nullable is deprecated, the explicit nullable type must be used instead in C:\Apache24\htdocs\omes_app\dompdf\vendor\dompdf\dompdf\src\FrameReflower\Page.php on line 94
[08-Aug-2025 07:53:10 UTC] PHP Deprecated:  Dompdf\FrameReflower\AbstractFrameReflower::reflow(): Implicitly marking parameter $block as nullable is deprecated, the explicit nullable type must be used instead in C:\Apache24\htdocs\omes_app\dompdf\vendor\dompdf\dompdf\src\FrameReflower\AbstractFrameReflower.php on line 290
[08-Aug-2025 07:53:10 UTC] PHP Deprecated:  Dompdf\FrameReflower\Block::reflow(): Implicitly marking parameter $block as nullable is deprecated, the explicit nullable type must be used instead in C:\Apache24\htdocs\omes_app\dompdf\vendor\dompdf\dompdf\src\FrameReflower\Block.php on line 781
[08-Aug-2025 07:53:10 UTC] PHP Deprecated:  Dompdf\FrameReflower\Text::reflow(): Implicitly marking parameter $block as nullable is deprecated, the explicit nullable type must be used instead in C:\Apache24\htdocs\omes_app\dompdf\vendor\dompdf\dompdf\src\FrameReflower\Text.php on line 377
[08-Aug-2025 07:53:10 UTC] PHP Deprecated:  Dompdf\FrameReflower\Table::reflow(): Implicitly marking parameter $block as nullable is deprecated, the explicit nullable type must be used instead in C:\Apache24\htdocs\omes_app\dompdf\vendor\dompdf\dompdf\src\FrameReflower\Table.php on line 299
[08-Aug-2025 07:53:10 UTC] PHP Deprecated:  Dompdf\FrameReflower\TableRowGroup::reflow(): Implicitly marking parameter $block as nullable is deprecated, the explicit nullable type must be used instead in C:\Apache24\htdocs\omes_app\dompdf\vendor\dompdf\dompdf\src\FrameReflower\TableRowGroup.php on line 33
[08-Aug-2025 07:53:10 UTC] PHP Deprecated:  Dompdf\FrameReflower\TableRow::reflow(): Implicitly marking parameter $block as nullable is deprecated, the explicit nullable type must be used instead in C:\Apache24\htdocs\omes_app\dompdf\vendor\dompdf\dompdf\src\FrameReflower\TableRow.php on line 33
[08-Aug-2025 07:53:10 UTC] PHP Deprecated:  Dompdf\FrameReflower\TableCell::reflow(): Implicitly marking parameter $block as nullable is deprecated, the explicit nullable type must be used instead in C:\Apache24\htdocs\omes_app\dompdf\vendor\dompdf\dompdf\src\FrameReflower\TableCell.php on line 32
[08-Aug-2025 07:53:10 UTC] PHP Deprecated:  Dompdf\FrameReflower\Image::reflow(): Implicitly marking parameter $block as nullable is deprecated, the explicit nullable type must be used instead in C:\Apache24\htdocs\omes_app\dompdf\vendor\dompdf\dompdf\src\FrameReflower\Image.php on line 33
[08-Aug-2025 07:53:10 UTC] PHP Deprecated:  Dompdf\FrameReflower\Inline::reflow(): Implicitly marking parameter $block as nullable is deprecated, the explicit nullable type must be used instead in C:\Apache24\htdocs\omes_app\dompdf\vendor\dompdf\dompdf\src\FrameReflower\Inline.php on line 77
[08-Aug-2025 07:53:44 UTC] PHP Deprecated:  Dompdf\Options::__construct(): Implicitly marking parameter $attributes as nullable is deprecated, the explicit nullable type must be used instead in C:\Apache24\htdocs\omes_app\dompdf\vendor\dompdf\dompdf\src\Options.php on line 312
[08-Aug-2025 07:53:44 UTC] PHP Deprecated:  Dompdf\FrameDecorator\AbstractFrameDecorator::reflow(): Implicitly marking parameter $block as nullable is deprecated, the explicit nullable type must be used instead in C:\Apache24\htdocs\omes_app\dompdf\vendor\dompdf\dompdf\src\FrameDecorator\AbstractFrameDecorator.php on line 908
[08-Aug-2025 07:53:44 UTC] PHP Deprecated:  Dompdf\FrameReflower\Page::reflow(): Implicitly marking parameter $block as nullable is deprecated, the explicit nullable type must be used instead in C:\Apache24\htdocs\omes_app\dompdf\vendor\dompdf\dompdf\src\FrameReflower\Page.php on line 94
[08-Aug-2025 07:53:44 UTC] PHP Deprecated:  Dompdf\FrameReflower\AbstractFrameReflower::reflow(): Implicitly marking parameter $block as nullable is deprecated, the explicit nullable type must be used instead in C:\Apache24\htdocs\omes_app\dompdf\vendor\dompdf\dompdf\src\FrameReflower\AbstractFrameReflower.php on line 290
[08-Aug-2025 07:53:44 UTC] PHP Deprecated:  Dompdf\FrameReflower\Block::reflow(): Implicitly marking parameter $block as nullable is deprecated, the explicit nullable type must be used instead in C:\Apache24\htdocs\omes_app\dompdf\vendor\dompdf\dompdf\src\FrameReflower\Block.php on line 781
[08-Aug-2025 07:53:44 UTC] PHP Deprecated:  Dompdf\FrameReflower\Text::reflow(): Implicitly marking parameter $block as nullable is deprecated, the explicit nullable type must be used instead in C:\Apache24\htdocs\omes_app\dompdf\vendor\dompdf\dompdf\src\FrameReflower\Text.php on line 377
[08-Aug-2025 07:53:44 UTC] PHP Deprecated:  Dompdf\FrameReflower\Table::reflow(): Implicitly marking parameter $block as nullable is deprecated, the explicit nullable type must be used instead in C:\Apache24\htdocs\omes_app\dompdf\vendor\dompdf\dompdf\src\FrameReflower\Table.php on line 299
[08-Aug-2025 07:53:44 UTC] PHP Deprecated:  Dompdf\FrameReflower\TableRowGroup::reflow(): Implicitly marking parameter $block as nullable is deprecated, the explicit nullable type must be used instead in C:\Apache24\htdocs\omes_app\dompdf\vendor\dompdf\dompdf\src\FrameReflower\TableRowGroup.php on line 33
[08-Aug-2025 07:53:44 UTC] PHP Deprecated:  Dompdf\FrameReflower\TableRow::reflow(): Implicitly marking parameter $block as nullable is deprecated, the explicit nullable type must be used instead in C:\Apache24\htdocs\omes_app\dompdf\vendor\dompdf\dompdf\src\FrameReflower\TableRow.php on line 33
[08-Aug-2025 07:53:44 UTC] PHP Deprecated:  Dompdf\FrameReflower\TableCell::reflow(): Implicitly marking parameter $block as nullable is deprecated, the explicit nullable type must be used instead in C:\Apache24\htdocs\omes_app\dompdf\vendor\dompdf\dompdf\src\FrameReflower\TableCell.php on line 32
[08-Aug-2025 07:53:44 UTC] PHP Deprecated:  Dompdf\FrameReflower\Image::reflow(): Implicitly marking parameter $block as nullable is deprecated, the explicit nullable type must be used instead in C:\Apache24\htdocs\omes_app\dompdf\vendor\dompdf\dompdf\src\FrameReflower\Image.php on line 33
[08-Aug-2025 07:53:44 UTC] PHP Deprecated:  Dompdf\FrameReflower\Inline::reflow(): Implicitly marking parameter $block as nullable is deprecated, the explicit nullable type must be used instead in C:\Apache24\htdocs\omes_app\dompdf\vendor\dompdf\dompdf\src\FrameReflower\Inline.php on line 77
[08-Aug-2025 07:54:17 UTC] PHP Deprecated:  Dompdf\Options::__construct(): Implicitly marking parameter $attributes as nullable is deprecated, the explicit nullable type must be used instead in C:\Apache24\htdocs\omes_app\dompdf\vendor\dompdf\dompdf\src\Options.php on line 312
[08-Aug-2025 07:54:17 UTC] PHP Deprecated:  Dompdf\FrameDecorator\AbstractFrameDecorator::reflow(): Implicitly marking parameter $block as nullable is deprecated, the explicit nullable type must be used instead in C:\Apache24\htdocs\omes_app\dompdf\vendor\dompdf\dompdf\src\FrameDecorator\AbstractFrameDecorator.php on line 908
[08-Aug-2025 07:54:17 UTC] PHP Deprecated:  Dompdf\FrameReflower\Page::reflow(): Implicitly marking parameter $block as nullable is deprecated, the explicit nullable type must be used instead in C:\Apache24\htdocs\omes_app\dompdf\vendor\dompdf\dompdf\src\FrameReflower\Page.php on line 94
[08-Aug-2025 07:54:17 UTC] PHP Deprecated:  Dompdf\FrameReflower\AbstractFrameReflower::reflow(): Implicitly marking parameter $block as nullable is deprecated, the explicit nullable type must be used instead in C:\Apache24\htdocs\omes_app\dompdf\vendor\dompdf\dompdf\src\FrameReflower\AbstractFrameReflower.php on line 290
[08-Aug-2025 07:54:17 UTC] PHP Deprecated:  Dompdf\FrameReflower\Block::reflow(): Implicitly marking parameter $block as nullable is deprecated, the explicit nullable type must be used instead in C:\Apache24\htdocs\omes_app\dompdf\vendor\dompdf\dompdf\src\FrameReflower\Block.php on line 781
[08-Aug-2025 07:54:17 UTC] PHP Deprecated:  Dompdf\FrameReflower\Text::reflow(): Implicitly marking parameter $block as nullable is deprecated, the explicit nullable type must be used instead in C:\Apache24\htdocs\omes_app\dompdf\vendor\dompdf\dompdf\src\FrameReflower\Text.php on line 377
[08-Aug-2025 07:54:17 UTC] PHP Deprecated:  Dompdf\FrameReflower\Table::reflow(): Implicitly marking parameter $block as nullable is deprecated, the explicit nullable type must be used instead in C:\Apache24\htdocs\omes_app\dompdf\vendor\dompdf\dompdf\src\FrameReflower\Table.php on line 299
[08-Aug-2025 07:54:17 UTC] PHP Deprecated:  Dompdf\FrameReflower\TableRowGroup::reflow(): Implicitly marking parameter $block as nullable is deprecated, the explicit nullable type must be used instead in C:\Apache24\htdocs\omes_app\dompdf\vendor\dompdf\dompdf\src\FrameReflower\TableRowGroup.php on line 33
[08-Aug-2025 07:54:17 UTC] PHP Deprecated:  Dompdf\FrameReflower\TableRow::reflow(): Implicitly marking parameter $block as nullable is deprecated, the explicit nullable type must be used instead in C:\Apache24\htdocs\omes_app\dompdf\vendor\dompdf\dompdf\src\FrameReflower\TableRow.php on line 33
[08-Aug-2025 07:54:17 UTC] PHP Deprecated:  Dompdf\FrameReflower\TableCell::reflow(): Implicitly marking parameter $block as nullable is deprecated, the explicit nullable type must be used instead in C:\Apache24\htdocs\omes_app\dompdf\vendor\dompdf\dompdf\src\FrameReflower\TableCell.php on line 32
[08-Aug-2025 07:54:17 UTC] PHP Deprecated:  Dompdf\FrameReflower\Image::reflow(): Implicitly marking parameter $block as nullable is deprecated, the explicit nullable type must be used instead in C:\Apache24\htdocs\omes_app\dompdf\vendor\dompdf\dompdf\src\FrameReflower\Image.php on line 33
[08-Aug-2025 07:54:17 UTC] PHP Deprecated:  Dompdf\FrameReflower\Inline::reflow(): Implicitly marking parameter $block as nullable is deprecated, the explicit nullable type must be used instead in C:\Apache24\htdocs\omes_app\dompdf\vendor\dompdf\dompdf\src\FrameReflower\Inline.php on line 77
[08-Aug-2025 07:54:44 UTC] PHP Deprecated:  Dompdf\Options::__construct(): Implicitly marking parameter $attributes as nullable is deprecated, the explicit nullable type must be used instead in C:\Apache24\htdocs\omes_app\dompdf\vendor\dompdf\dompdf\src\Options.php on line 312
[08-Aug-2025 07:54:45 UTC] PHP Deprecated:  Dompdf\FrameDecorator\AbstractFrameDecorator::reflow(): Implicitly marking parameter $block as nullable is deprecated, the explicit nullable type must be used instead in C:\Apache24\htdocs\omes_app\dompdf\vendor\dompdf\dompdf\src\FrameDecorator\AbstractFrameDecorator.php on line 908
[08-Aug-2025 07:54:45 UTC] PHP Deprecated:  Dompdf\FrameReflower\Page::reflow(): Implicitly marking parameter $block as nullable is deprecated, the explicit nullable type must be used instead in C:\Apache24\htdocs\omes_app\dompdf\vendor\dompdf\dompdf\src\FrameReflower\Page.php on line 94
[08-Aug-2025 07:54:45 UTC] PHP Deprecated:  Dompdf\FrameReflower\AbstractFrameReflower::reflow(): Implicitly marking parameter $block as nullable is deprecated, the explicit nullable type must be used instead in C:\Apache24\htdocs\omes_app\dompdf\vendor\dompdf\dompdf\src\FrameReflower\AbstractFrameReflower.php on line 290
[08-Aug-2025 07:54:45 UTC] PHP Deprecated:  Dompdf\FrameReflower\Block::reflow(): Implicitly marking parameter $block as nullable is deprecated, the explicit nullable type must be used instead in C:\Apache24\htdocs\omes_app\dompdf\vendor\dompdf\dompdf\src\FrameReflower\Block.php on line 781
[08-Aug-2025 07:54:45 UTC] PHP Deprecated:  Dompdf\FrameReflower\Text::reflow(): Implicitly marking parameter $block as nullable is deprecated, the explicit nullable type must be used instead in C:\Apache24\htdocs\omes_app\dompdf\vendor\dompdf\dompdf\src\FrameReflower\Text.php on line 377
[08-Aug-2025 07:54:45 UTC] PHP Deprecated:  Dompdf\FrameReflower\Table::reflow(): Implicitly marking parameter $block as nullable is deprecated, the explicit nullable type must be used instead in C:\Apache24\htdocs\omes_app\dompdf\vendor\dompdf\dompdf\src\FrameReflower\Table.php on line 299
[08-Aug-2025 07:54:45 UTC] PHP Deprecated:  Dompdf\FrameReflower\TableRowGroup::reflow(): Implicitly marking parameter $block as nullable is deprecated, the explicit nullable type must be used instead in C:\Apache24\htdocs\omes_app\dompdf\vendor\dompdf\dompdf\src\FrameReflower\TableRowGroup.php on line 33
[08-Aug-2025 07:54:45 UTC] PHP Deprecated:  Dompdf\FrameReflower\TableRow::reflow(): Implicitly marking parameter $block as nullable is deprecated, the explicit nullable type must be used instead in C:\Apache24\htdocs\omes_app\dompdf\vendor\dompdf\dompdf\src\FrameReflower\TableRow.php on line 33
[08-Aug-2025 07:54:45 UTC] PHP Deprecated:  Dompdf\FrameReflower\TableCell::reflow(): Implicitly marking parameter $block as nullable is deprecated, the explicit nullable type must be used instead in C:\Apache24\htdocs\omes_app\dompdf\vendor\dompdf\dompdf\src\FrameReflower\TableCell.php on line 32
[08-Aug-2025 07:54:45 UTC] PHP Deprecated:  Dompdf\FrameReflower\Image::reflow(): Implicitly marking parameter $block as nullable is deprecated, the explicit nullable type must be used instead in C:\Apache24\htdocs\omes_app\dompdf\vendor\dompdf\dompdf\src\FrameReflower\Image.php on line 33
[08-Aug-2025 07:54:45 UTC] PHP Deprecated:  Dompdf\FrameReflower\Inline::reflow(): Implicitly marking parameter $block as nullable is deprecated, the explicit nullable type must be used instead in C:\Apache24\htdocs\omes_app\dompdf\vendor\dompdf\dompdf\src\FrameReflower\Inline.php on line 77
[08-Aug-2025 07:55:03 UTC] PHP Deprecated:  Dompdf\Options::__construct(): Implicitly marking parameter $attributes as nullable is deprecated, the explicit nullable type must be used instead in C:\Apache24\htdocs\omes_app\dompdf\vendor\dompdf\dompdf\src\Options.php on line 312
[08-Aug-2025 07:55:03 UTC] PHP Deprecated:  Dompdf\FrameDecorator\AbstractFrameDecorator::reflow(): Implicitly marking parameter $block as nullable is deprecated, the explicit nullable type must be used instead in C:\Apache24\htdocs\omes_app\dompdf\vendor\dompdf\dompdf\src\FrameDecorator\AbstractFrameDecorator.php on line 908
[08-Aug-2025 07:55:03 UTC] PHP Deprecated:  Dompdf\FrameReflower\Page::reflow(): Implicitly marking parameter $block as nullable is deprecated, the explicit nullable type must be used instead in C:\Apache24\htdocs\omes_app\dompdf\vendor\dompdf\dompdf\src\FrameReflower\Page.php on line 94
[08-Aug-2025 07:55:03 UTC] PHP Deprecated:  Dompdf\FrameReflower\AbstractFrameReflower::reflow(): Implicitly marking parameter $block as nullable is deprecated, the explicit nullable type must be used instead in C:\Apache24\htdocs\omes_app\dompdf\vendor\dompdf\dompdf\src\FrameReflower\AbstractFrameReflower.php on line 290
[08-Aug-2025 07:55:03 UTC] PHP Deprecated:  Dompdf\FrameReflower\Block::reflow(): Implicitly marking parameter $block as nullable is deprecated, the explicit nullable type must be used instead in C:\Apache24\htdocs\omes_app\dompdf\vendor\dompdf\dompdf\src\FrameReflower\Block.php on line 781
[08-Aug-2025 07:55:03 UTC] PHP Deprecated:  Dompdf\FrameReflower\Text::reflow(): Implicitly marking parameter $block as nullable is deprecated, the explicit nullable type must be used instead in C:\Apache24\htdocs\omes_app\dompdf\vendor\dompdf\dompdf\src\FrameReflower\Text.php on line 377
[08-Aug-2025 07:55:03 UTC] PHP Deprecated:  Dompdf\FrameReflower\Table::reflow(): Implicitly marking parameter $block as nullable is deprecated, the explicit nullable type must be used instead in C:\Apache24\htdocs\omes_app\dompdf\vendor\dompdf\dompdf\src\FrameReflower\Table.php on line 299
[08-Aug-2025 07:55:03 UTC] PHP Deprecated:  Dompdf\FrameReflower\TableRowGroup::reflow(): Implicitly marking parameter $block as nullable is deprecated, the explicit nullable type must be used instead in C:\Apache24\htdocs\omes_app\dompdf\vendor\dompdf\dompdf\src\FrameReflower\TableRowGroup.php on line 33
[08-Aug-2025 07:55:03 UTC] PHP Deprecated:  Dompdf\FrameReflower\TableRow::reflow(): Implicitly marking parameter $block as nullable is deprecated, the explicit nullable type must be used instead in C:\Apache24\htdocs\omes_app\dompdf\vendor\dompdf\dompdf\src\FrameReflower\TableRow.php on line 33
[08-Aug-2025 07:55:03 UTC] PHP Deprecated:  Dompdf\FrameReflower\TableCell::reflow(): Implicitly marking parameter $block as nullable is deprecated, the explicit nullable type must be used instead in C:\Apache24\htdocs\omes_app\dompdf\vendor\dompdf\dompdf\src\FrameReflower\TableCell.php on line 32
[08-Aug-2025 07:55:03 UTC] PHP Deprecated:  Dompdf\FrameReflower\Image::reflow(): Implicitly marking parameter $block as nullable is deprecated, the explicit nullable type must be used instead in C:\Apache24\htdocs\omes_app\dompdf\vendor\dompdf\dompdf\src\FrameReflower\Image.php on line 33
[08-Aug-2025 07:55:03 UTC] PHP Deprecated:  Dompdf\FrameReflower\Inline::reflow(): Implicitly marking parameter $block as nullable is deprecated, the explicit nullable type must be used instead in C:\Apache24\htdocs\omes_app\dompdf\vendor\dompdf\dompdf\src\FrameReflower\Inline.php on line 77
[08-Aug-2025 07:55:22 UTC] PHP Deprecated:  Dompdf\Options::__construct(): Implicitly marking parameter $attributes as nullable is deprecated, the explicit nullable type must be used instead in C:\Apache24\htdocs\omes_app\dompdf\vendor\dompdf\dompdf\src\Options.php on line 312
[08-Aug-2025 07:55:22 UTC] PHP Deprecated:  Dompdf\FrameDecorator\AbstractFrameDecorator::reflow(): Implicitly marking parameter $block as nullable is deprecated, the explicit nullable type must be used instead in C:\Apache24\htdocs\omes_app\dompdf\vendor\dompdf\dompdf\src\FrameDecorator\AbstractFrameDecorator.php on line 908
[08-Aug-2025 07:55:22 UTC] PHP Deprecated:  Dompdf\FrameReflower\Page::reflow(): Implicitly marking parameter $block as nullable is deprecated, the explicit nullable type must be used instead in C:\Apache24\htdocs\omes_app\dompdf\vendor\dompdf\dompdf\src\FrameReflower\Page.php on line 94
[08-Aug-2025 07:55:22 UTC] PHP Deprecated:  Dompdf\FrameReflower\AbstractFrameReflower::reflow(): Implicitly marking parameter $block as nullable is deprecated, the explicit nullable type must be used instead in C:\Apache24\htdocs\omes_app\dompdf\vendor\dompdf\dompdf\src\FrameReflower\AbstractFrameReflower.php on line 290
[08-Aug-2025 07:55:22 UTC] PHP Deprecated:  Dompdf\FrameReflower\Block::reflow(): Implicitly marking parameter $block as nullable is deprecated, the explicit nullable type must be used instead in C:\Apache24\htdocs\omes_app\dompdf\vendor\dompdf\dompdf\src\FrameReflower\Block.php on line 781
[08-Aug-2025 07:55:22 UTC] PHP Deprecated:  Dompdf\FrameReflower\Text::reflow(): Implicitly marking parameter $block as nullable is deprecated, the explicit nullable type must be used instead in C:\Apache24\htdocs\omes_app\dompdf\vendor\dompdf\dompdf\src\FrameReflower\Text.php on line 377
[08-Aug-2025 07:55:23 UTC] PHP Deprecated:  Dompdf\FrameReflower\Table::reflow(): Implicitly marking parameter $block as nullable is deprecated, the explicit nullable type must be used instead in C:\Apache24\htdocs\omes_app\dompdf\vendor\dompdf\dompdf\src\FrameReflower\Table.php on line 299
[08-Aug-2025 07:55:23 UTC] PHP Deprecated:  Dompdf\FrameReflower\TableRowGroup::reflow(): Implicitly marking parameter $block as nullable is deprecated, the explicit nullable type must be used instead in C:\Apache24\htdocs\omes_app\dompdf\vendor\dompdf\dompdf\src\FrameReflower\TableRowGroup.php on line 33
[08-Aug-2025 07:55:23 UTC] PHP Deprecated:  Dompdf\FrameReflower\TableRow::reflow(): Implicitly marking parameter $block as nullable is deprecated, the explicit nullable type must be used instead in C:\Apache24\htdocs\omes_app\dompdf\vendor\dompdf\dompdf\src\FrameReflower\TableRow.php on line 33
[08-Aug-2025 07:55:23 UTC] PHP Deprecated:  Dompdf\FrameReflower\TableCell::reflow(): Implicitly marking parameter $block as nullable is deprecated, the explicit nullable type must be used instead in C:\Apache24\htdocs\omes_app\dompdf\vendor\dompdf\dompdf\src\FrameReflower\TableCell.php on line 32
[08-Aug-2025 07:55:23 UTC] PHP Deprecated:  Dompdf\FrameReflower\Image::reflow(): Implicitly marking parameter $block as nullable is deprecated, the explicit nullable type must be used instead in C:\Apache24\htdocs\omes_app\dompdf\vendor\dompdf\dompdf\src\FrameReflower\Image.php on line 33
[08-Aug-2025 07:55:23 UTC] PHP Deprecated:  Dompdf\FrameReflower\Inline::reflow(): Implicitly marking parameter $block as nullable is deprecated, the explicit nullable type must be used instead in C:\Apache24\htdocs\omes_app\dompdf\vendor\dompdf\dompdf\src\FrameReflower\Inline.php on line 77
[08-Aug-2025 07:57:02 UTC] PHP Deprecated:  Dompdf\Options::__construct(): Implicitly marking parameter $attributes as nullable is deprecated, the explicit nullable type must be used instead in C:\Apache24\htdocs\omes_app\dompdf\vendor\dompdf\dompdf\src\Options.php on line 312
[08-Aug-2025 07:57:02 UTC] PHP Deprecated:  Dompdf\FrameDecorator\AbstractFrameDecorator::reflow(): Implicitly marking parameter $block as nullable is deprecated, the explicit nullable type must be used instead in C:\Apache24\htdocs\omes_app\dompdf\vendor\dompdf\dompdf\src\FrameDecorator\AbstractFrameDecorator.php on line 908
[08-Aug-2025 07:57:02 UTC] PHP Deprecated:  Dompdf\FrameReflower\Page::reflow(): Implicitly marking parameter $block as nullable is deprecated, the explicit nullable type must be used instead in C:\Apache24\htdocs\omes_app\dompdf\vendor\dompdf\dompdf\src\FrameReflower\Page.php on line 94
[08-Aug-2025 07:57:02 UTC] PHP Deprecated:  Dompdf\FrameReflower\AbstractFrameReflower::reflow(): Implicitly marking parameter $block as nullable is deprecated, the explicit nullable type must be used instead in C:\Apache24\htdocs\omes_app\dompdf\vendor\dompdf\dompdf\src\FrameReflower\AbstractFrameReflower.php on line 290
[08-Aug-2025 07:57:02 UTC] PHP Deprecated:  Dompdf\FrameReflower\Block::reflow(): Implicitly marking parameter $block as nullable is deprecated, the explicit nullable type must be used instead in C:\Apache24\htdocs\omes_app\dompdf\vendor\dompdf\dompdf\src\FrameReflower\Block.php on line 781
[08-Aug-2025 07:57:02 UTC] PHP Deprecated:  Dompdf\FrameReflower\Text::reflow(): Implicitly marking parameter $block as nullable is deprecated, the explicit nullable type must be used instead in C:\Apache24\htdocs\omes_app\dompdf\vendor\dompdf\dompdf\src\FrameReflower\Text.php on line 377
[08-Aug-2025 07:57:02 UTC] PHP Deprecated:  Dompdf\FrameReflower\Table::reflow(): Implicitly marking parameter $block as nullable is deprecated, the explicit nullable type must be used instead in C:\Apache24\htdocs\omes_app\dompdf\vendor\dompdf\dompdf\src\FrameReflower\Table.php on line 299
[08-Aug-2025 07:57:02 UTC] PHP Deprecated:  Dompdf\FrameReflower\TableRowGroup::reflow(): Implicitly marking parameter $block as nullable is deprecated, the explicit nullable type must be used instead in C:\Apache24\htdocs\omes_app\dompdf\vendor\dompdf\dompdf\src\FrameReflower\TableRowGroup.php on line 33
[08-Aug-2025 07:57:02 UTC] PHP Deprecated:  Dompdf\FrameReflower\TableRow::reflow(): Implicitly marking parameter $block as nullable is deprecated, the explicit nullable type must be used instead in C:\Apache24\htdocs\omes_app\dompdf\vendor\dompdf\dompdf\src\FrameReflower\TableRow.php on line 33
[08-Aug-2025 07:57:02 UTC] PHP Deprecated:  Dompdf\FrameReflower\TableCell::reflow(): Implicitly marking parameter $block as nullable is deprecated, the explicit nullable type must be used instead in C:\Apache24\htdocs\omes_app\dompdf\vendor\dompdf\dompdf\src\FrameReflower\TableCell.php on line 32
[08-Aug-2025 07:57:02 UTC] PHP Deprecated:  Dompdf\FrameReflower\Image::reflow(): Implicitly marking parameter $block as nullable is deprecated, the explicit nullable type must be used instead in C:\Apache24\htdocs\omes_app\dompdf\vendor\dompdf\dompdf\src\FrameReflower\Image.php on line 33
[08-Aug-2025 07:57:02 UTC] PHP Deprecated:  Dompdf\FrameReflower\Inline::reflow(): Implicitly marking parameter $block as nullable is deprecated, the explicit nullable type must be used instead in C:\Apache24\htdocs\omes_app\dompdf\vendor\dompdf\dompdf\src\FrameReflower\Inline.php on line 77
[08-Aug-2025 07:57:56 UTC] PHP Deprecated:  Dompdf\Options::__construct(): Implicitly marking parameter $attributes as nullable is deprecated, the explicit nullable type must be used instead in C:\Apache24\htdocs\omes_app\dompdf\vendor\dompdf\dompdf\src\Options.php on line 312
[08-Aug-2025 07:57:56 UTC] PHP Deprecated:  Dompdf\FrameDecorator\AbstractFrameDecorator::reflow(): Implicitly marking parameter $block as nullable is deprecated, the explicit nullable type must be used instead in C:\Apache24\htdocs\omes_app\dompdf\vendor\dompdf\dompdf\src\FrameDecorator\AbstractFrameDecorator.php on line 908
[08-Aug-2025 07:57:56 UTC] PHP Deprecated:  Dompdf\FrameReflower\Page::reflow(): Implicitly marking parameter $block as nullable is deprecated, the explicit nullable type must be used instead in C:\Apache24\htdocs\omes_app\dompdf\vendor\dompdf\dompdf\src\FrameReflower\Page.php on line 94
[08-Aug-2025 07:57:56 UTC] PHP Deprecated:  Dompdf\FrameReflower\AbstractFrameReflower::reflow(): Implicitly marking parameter $block as nullable is deprecated, the explicit nullable type must be used instead in C:\Apache24\htdocs\omes_app\dompdf\vendor\dompdf\dompdf\src\FrameReflower\AbstractFrameReflower.php on line 290
[08-Aug-2025 07:57:56 UTC] PHP Deprecated:  Dompdf\FrameReflower\Block::reflow(): Implicitly marking parameter $block as nullable is deprecated, the explicit nullable type must be used instead in C:\Apache24\htdocs\omes_app\dompdf\vendor\dompdf\dompdf\src\FrameReflower\Block.php on line 781
[08-Aug-2025 07:57:56 UTC] PHP Deprecated:  Dompdf\FrameReflower\Text::reflow(): Implicitly marking parameter $block as nullable is deprecated, the explicit nullable type must be used instead in C:\Apache24\htdocs\omes_app\dompdf\vendor\dompdf\dompdf\src\FrameReflower\Text.php on line 377
[08-Aug-2025 07:57:56 UTC] PHP Deprecated:  Dompdf\FrameReflower\Table::reflow(): Implicitly marking parameter $block as nullable is deprecated, the explicit nullable type must be used instead in C:\Apache24\htdocs\omes_app\dompdf\vendor\dompdf\dompdf\src\FrameReflower\Table.php on line 299
[08-Aug-2025 07:57:56 UTC] PHP Deprecated:  Dompdf\FrameReflower\TableRowGroup::reflow(): Implicitly marking parameter $block as nullable is deprecated, the explicit nullable type must be used instead in C:\Apache24\htdocs\omes_app\dompdf\vendor\dompdf\dompdf\src\FrameReflower\TableRowGroup.php on line 33
[08-Aug-2025 07:57:56 UTC] PHP Deprecated:  Dompdf\FrameReflower\TableRow::reflow(): Implicitly marking parameter $block as nullable is deprecated, the explicit nullable type must be used instead in C:\Apache24\htdocs\omes_app\dompdf\vendor\dompdf\dompdf\src\FrameReflower\TableRow.php on line 33
[08-Aug-2025 07:57:56 UTC] PHP Deprecated:  Dompdf\FrameReflower\TableCell::reflow(): Implicitly marking parameter $block as nullable is deprecated, the explicit nullable type must be used instead in C:\Apache24\htdocs\omes_app\dompdf\vendor\dompdf\dompdf\src\FrameReflower\TableCell.php on line 32
[08-Aug-2025 07:57:56 UTC] PHP Deprecated:  Dompdf\FrameReflower\Image::reflow(): Implicitly marking parameter $block as nullable is deprecated, the explicit nullable type must be used instead in C:\Apache24\htdocs\omes_app\dompdf\vendor\dompdf\dompdf\src\FrameReflower\Image.php on line 33
[08-Aug-2025 07:57:56 UTC] PHP Deprecated:  Dompdf\FrameReflower\Inline::reflow(): Implicitly marking parameter $block as nullable is deprecated, the explicit nullable type must be used instead in C:\Apache24\htdocs\omes_app\dompdf\vendor\dompdf\dompdf\src\FrameReflower\Inline.php on line 77
[08-Aug-2025 07:58:12 UTC] PHP Deprecated:  Dompdf\Options::__construct(): Implicitly marking parameter $attributes as nullable is deprecated, the explicit nullable type must be used instead in C:\Apache24\htdocs\omes_app\dompdf\vendor\dompdf\dompdf\src\Options.php on line 312
[08-Aug-2025 07:58:12 UTC] PHP Deprecated:  Dompdf\FrameDecorator\AbstractFrameDecorator::reflow(): Implicitly marking parameter $block as nullable is deprecated, the explicit nullable type must be used instead in C:\Apache24\htdocs\omes_app\dompdf\vendor\dompdf\dompdf\src\FrameDecorator\AbstractFrameDecorator.php on line 908
[08-Aug-2025 07:58:12 UTC] PHP Deprecated:  Dompdf\FrameReflower\Page::reflow(): Implicitly marking parameter $block as nullable is deprecated, the explicit nullable type must be used instead in C:\Apache24\htdocs\omes_app\dompdf\vendor\dompdf\dompdf\src\FrameReflower\Page.php on line 94
[08-Aug-2025 07:58:12 UTC] PHP Deprecated:  Dompdf\FrameReflower\AbstractFrameReflower::reflow(): Implicitly marking parameter $block as nullable is deprecated, the explicit nullable type must be used instead in C:\Apache24\htdocs\omes_app\dompdf\vendor\dompdf\dompdf\src\FrameReflower\AbstractFrameReflower.php on line 290
[08-Aug-2025 07:58:12 UTC] PHP Deprecated:  Dompdf\FrameReflower\Block::reflow(): Implicitly marking parameter $block as nullable is deprecated, the explicit nullable type must be used instead in C:\Apache24\htdocs\omes_app\dompdf\vendor\dompdf\dompdf\src\FrameReflower\Block.php on line 781
[08-Aug-2025 07:58:12 UTC] PHP Deprecated:  Dompdf\FrameReflower\Text::reflow(): Implicitly marking parameter $block as nullable is deprecated, the explicit nullable type must be used instead in C:\Apache24\htdocs\omes_app\dompdf\vendor\dompdf\dompdf\src\FrameReflower\Text.php on line 377
[08-Aug-2025 07:58:12 UTC] PHP Deprecated:  Dompdf\FrameReflower\Table::reflow(): Implicitly marking parameter $block as nullable is deprecated, the explicit nullable type must be used instead in C:\Apache24\htdocs\omes_app\dompdf\vendor\dompdf\dompdf\src\FrameReflower\Table.php on line 299
[08-Aug-2025 07:58:12 UTC] PHP Deprecated:  Dompdf\FrameReflower\TableRowGroup::reflow(): Implicitly marking parameter $block as nullable is deprecated, the explicit nullable type must be used instead in C:\Apache24\htdocs\omes_app\dompdf\vendor\dompdf\dompdf\src\FrameReflower\TableRowGroup.php on line 33
[08-Aug-2025 07:58:12 UTC] PHP Deprecated:  Dompdf\FrameReflower\TableRow::reflow(): Implicitly marking parameter $block as nullable is deprecated, the explicit nullable type must be used instead in C:\Apache24\htdocs\omes_app\dompdf\vendor\dompdf\dompdf\src\FrameReflower\TableRow.php on line 33
[08-Aug-2025 07:58:12 UTC] PHP Deprecated:  Dompdf\FrameReflower\TableCell::reflow(): Implicitly marking parameter $block as nullable is deprecated, the explicit nullable type must be used instead in C:\Apache24\htdocs\omes_app\dompdf\vendor\dompdf\dompdf\src\FrameReflower\TableCell.php on line 32
[08-Aug-2025 07:58:12 UTC] PHP Deprecated:  Dompdf\FrameReflower\Image::reflow(): Implicitly marking parameter $block as nullable is deprecated, the explicit nullable type must be used instead in C:\Apache24\htdocs\omes_app\dompdf\vendor\dompdf\dompdf\src\FrameReflower\Image.php on line 33
[08-Aug-2025 07:58:12 UTC] PHP Deprecated:  Dompdf\FrameReflower\Inline::reflow(): Implicitly marking parameter $block as nullable is deprecated, the explicit nullable type must be used instead in C:\Apache24\htdocs\omes_app\dompdf\vendor\dompdf\dompdf\src\FrameReflower\Inline.php on line 77
[08-Aug-2025 07:58:49 UTC] PHP Deprecated:  Dompdf\Options::__construct(): Implicitly marking parameter $attributes as nullable is deprecated, the explicit nullable type must be used instead in C:\Apache24\htdocs\omes_app\dompdf\vendor\dompdf\dompdf\src\Options.php on line 312
[08-Aug-2025 07:58:49 UTC] PHP Deprecated:  Dompdf\FrameDecorator\AbstractFrameDecorator::reflow(): Implicitly marking parameter $block as nullable is deprecated, the explicit nullable type must be used instead in C:\Apache24\htdocs\omes_app\dompdf\vendor\dompdf\dompdf\src\FrameDecorator\AbstractFrameDecorator.php on line 908
[08-Aug-2025 07:58:49 UTC] PHP Deprecated:  Dompdf\FrameReflower\Page::reflow(): Implicitly marking parameter $block as nullable is deprecated, the explicit nullable type must be used instead in C:\Apache24\htdocs\omes_app\dompdf\vendor\dompdf\dompdf\src\FrameReflower\Page.php on line 94
[08-Aug-2025 07:58:49 UTC] PHP Deprecated:  Dompdf\FrameReflower\AbstractFrameReflower::reflow(): Implicitly marking parameter $block as nullable is deprecated, the explicit nullable type must be used instead in C:\Apache24\htdocs\omes_app\dompdf\vendor\dompdf\dompdf\src\FrameReflower\AbstractFrameReflower.php on line 290
[08-Aug-2025 07:58:49 UTC] PHP Deprecated:  Dompdf\FrameReflower\Block::reflow(): Implicitly marking parameter $block as nullable is deprecated, the explicit nullable type must be used instead in C:\Apache24\htdocs\omes_app\dompdf\vendor\dompdf\dompdf\src\FrameReflower\Block.php on line 781
[08-Aug-2025 07:58:49 UTC] PHP Deprecated:  Dompdf\FrameReflower\Text::reflow(): Implicitly marking parameter $block as nullable is deprecated, the explicit nullable type must be used instead in C:\Apache24\htdocs\omes_app\dompdf\vendor\dompdf\dompdf\src\FrameReflower\Text.php on line 377
[08-Aug-2025 07:58:49 UTC] PHP Deprecated:  Dompdf\FrameReflower\Table::reflow(): Implicitly marking parameter $block as nullable is deprecated, the explicit nullable type must be used instead in C:\Apache24\htdocs\omes_app\dompdf\vendor\dompdf\dompdf\src\FrameReflower\Table.php on line 299
[08-Aug-2025 07:58:49 UTC] PHP Deprecated:  Dompdf\FrameReflower\TableRowGroup::reflow(): Implicitly marking parameter $block as nullable is deprecated, the explicit nullable type must be used instead in C:\Apache24\htdocs\omes_app\dompdf\vendor\dompdf\dompdf\src\FrameReflower\TableRowGroup.php on line 33
[08-Aug-2025 07:58:49 UTC] PHP Deprecated:  Dompdf\FrameReflower\TableRow::reflow(): Implicitly marking parameter $block as nullable is deprecated, the explicit nullable type must be used instead in C:\Apache24\htdocs\omes_app\dompdf\vendor\dompdf\dompdf\src\FrameReflower\TableRow.php on line 33
[08-Aug-2025 07:58:49 UTC] PHP Deprecated:  Dompdf\FrameReflower\TableCell::reflow(): Implicitly marking parameter $block as nullable is deprecated, the explicit nullable type must be used instead in C:\Apache24\htdocs\omes_app\dompdf\vendor\dompdf\dompdf\src\FrameReflower\TableCell.php on line 32
[08-Aug-2025 07:58:49 UTC] PHP Deprecated:  Dompdf\FrameReflower\Image::reflow(): Implicitly marking parameter $block as nullable is deprecated, the explicit nullable type must be used instead in C:\Apache24\htdocs\omes_app\dompdf\vendor\dompdf\dompdf\src\FrameReflower\Image.php on line 33
[08-Aug-2025 07:58:49 UTC] PHP Deprecated:  Dompdf\FrameReflower\Inline::reflow(): Implicitly marking parameter $block as nullable is deprecated, the explicit nullable type must be used instead in C:\Apache24\htdocs\omes_app\dompdf\vendor\dompdf\dompdf\src\FrameReflower\Inline.php on line 77
[08-Aug-2025 07:58:59 UTC] PHP Deprecated:  Dompdf\Options::__construct(): Implicitly marking parameter $attributes as nullable is deprecated, the explicit nullable type must be used instead in C:\Apache24\htdocs\omes_app\dompdf\vendor\dompdf\dompdf\src\Options.php on line 312
[08-Aug-2025 07:59:00 UTC] PHP Deprecated:  Dompdf\FrameDecorator\AbstractFrameDecorator::reflow(): Implicitly marking parameter $block as nullable is deprecated, the explicit nullable type must be used instead in C:\Apache24\htdocs\omes_app\dompdf\vendor\dompdf\dompdf\src\FrameDecorator\AbstractFrameDecorator.php on line 908
[08-Aug-2025 07:59:00 UTC] PHP Deprecated:  Dompdf\FrameReflower\Page::reflow(): Implicitly marking parameter $block as nullable is deprecated, the explicit nullable type must be used instead in C:\Apache24\htdocs\omes_app\dompdf\vendor\dompdf\dompdf\src\FrameReflower\Page.php on line 94
[08-Aug-2025 07:59:00 UTC] PHP Deprecated:  Dompdf\FrameReflower\AbstractFrameReflower::reflow(): Implicitly marking parameter $block as nullable is deprecated, the explicit nullable type must be used instead in C:\Apache24\htdocs\omes_app\dompdf\vendor\dompdf\dompdf\src\FrameReflower\AbstractFrameReflower.php on line 290
[08-Aug-2025 07:59:00 UTC] PHP Deprecated:  Dompdf\FrameReflower\Block::reflow(): Implicitly marking parameter $block as nullable is deprecated, the explicit nullable type must be used instead in C:\Apache24\htdocs\omes_app\dompdf\vendor\dompdf\dompdf\src\FrameReflower\Block.php on line 781
[08-Aug-2025 07:59:00 UTC] PHP Deprecated:  Dompdf\FrameReflower\Text::reflow(): Implicitly marking parameter $block as nullable is deprecated, the explicit nullable type must be used instead in C:\Apache24\htdocs\omes_app\dompdf\vendor\dompdf\dompdf\src\FrameReflower\Text.php on line 377
[08-Aug-2025 07:59:00 UTC] PHP Deprecated:  Dompdf\FrameReflower\Table::reflow(): Implicitly marking parameter $block as nullable is deprecated, the explicit nullable type must be used instead in C:\Apache24\htdocs\omes_app\dompdf\vendor\dompdf\dompdf\src\FrameReflower\Table.php on line 299
[08-Aug-2025 07:59:00 UTC] PHP Deprecated:  Dompdf\FrameReflower\TableRowGroup::reflow(): Implicitly marking parameter $block as nullable is deprecated, the explicit nullable type must be used instead in C:\Apache24\htdocs\omes_app\dompdf\vendor\dompdf\dompdf\src\FrameReflower\TableRowGroup.php on line 33
[08-Aug-2025 07:59:00 UTC] PHP Deprecated:  Dompdf\FrameReflower\TableRow::reflow(): Implicitly marking parameter $block as nullable is deprecated, the explicit nullable type must be used instead in C:\Apache24\htdocs\omes_app\dompdf\vendor\dompdf\dompdf\src\FrameReflower\TableRow.php on line 33
[08-Aug-2025 07:59:00 UTC] PHP Deprecated:  Dompdf\FrameReflower\TableCell::reflow(): Implicitly marking parameter $block as nullable is deprecated, the explicit nullable type must be used instead in C:\Apache24\htdocs\omes_app\dompdf\vendor\dompdf\dompdf\src\FrameReflower\TableCell.php on line 32
[08-Aug-2025 07:59:00 UTC] PHP Deprecated:  Dompdf\FrameReflower\Image::reflow(): Implicitly marking parameter $block as nullable is deprecated, the explicit nullable type must be used instead in C:\Apache24\htdocs\omes_app\dompdf\vendor\dompdf\dompdf\src\FrameReflower\Image.php on line 33
[08-Aug-2025 07:59:00 UTC] PHP Deprecated:  Dompdf\FrameReflower\Inline::reflow(): Implicitly marking parameter $block as nullable is deprecated, the explicit nullable type must be used instead in C:\Apache24\htdocs\omes_app\dompdf\vendor\dompdf\dompdf\src\FrameReflower\Inline.php on line 77
[08-Aug-2025 07:59:31 UTC] PHP Deprecated:  Dompdf\Options::__construct(): Implicitly marking parameter $attributes as nullable is deprecated, the explicit nullable type must be used instead in C:\Apache24\htdocs\omes_app\dompdf\vendor\dompdf\dompdf\src\Options.php on line 312
[08-Aug-2025 07:59:31 UTC] PHP Deprecated:  Dompdf\FrameDecorator\AbstractFrameDecorator::reflow(): Implicitly marking parameter $block as nullable is deprecated, the explicit nullable type must be used instead in C:\Apache24\htdocs\omes_app\dompdf\vendor\dompdf\dompdf\src\FrameDecorator\AbstractFrameDecorator.php on line 908
[08-Aug-2025 07:59:31 UTC] PHP Deprecated:  Dompdf\FrameReflower\Page::reflow(): Implicitly marking parameter $block as nullable is deprecated, the explicit nullable type must be used instead in C:\Apache24\htdocs\omes_app\dompdf\vendor\dompdf\dompdf\src\FrameReflower\Page.php on line 94
[08-Aug-2025 07:59:31 UTC] PHP Deprecated:  Dompdf\FrameReflower\AbstractFrameReflower::reflow(): Implicitly marking parameter $block as nullable is deprecated, the explicit nullable type must be used instead in C:\Apache24\htdocs\omes_app\dompdf\vendor\dompdf\dompdf\src\FrameReflower\AbstractFrameReflower.php on line 290
[08-Aug-2025 07:59:31 UTC] PHP Deprecated:  Dompdf\FrameReflower\Block::reflow(): Implicitly marking parameter $block as nullable is deprecated, the explicit nullable type must be used instead in C:\Apache24\htdocs\omes_app\dompdf\vendor\dompdf\dompdf\src\FrameReflower\Block.php on line 781
[08-Aug-2025 07:59:31 UTC] PHP Deprecated:  Dompdf\FrameReflower\Text::reflow(): Implicitly marking parameter $block as nullable is deprecated, the explicit nullable type must be used instead in C:\Apache24\htdocs\omes_app\dompdf\vendor\dompdf\dompdf\src\FrameReflower\Text.php on line 377
[08-Aug-2025 07:59:31 UTC] PHP Deprecated:  Dompdf\FrameReflower\Table::reflow(): Implicitly marking parameter $block as nullable is deprecated, the explicit nullable type must be used instead in C:\Apache24\htdocs\omes_app\dompdf\vendor\dompdf\dompdf\src\FrameReflower\Table.php on line 299
[08-Aug-2025 07:59:31 UTC] PHP Deprecated:  Dompdf\FrameReflower\TableRowGroup::reflow(): Implicitly marking parameter $block as nullable is deprecated, the explicit nullable type must be used instead in C:\Apache24\htdocs\omes_app\dompdf\vendor\dompdf\dompdf\src\FrameReflower\TableRowGroup.php on line 33
[08-Aug-2025 07:59:31 UTC] PHP Deprecated:  Dompdf\FrameReflower\TableRow::reflow(): Implicitly marking parameter $block as nullable is deprecated, the explicit nullable type must be used instead in C:\Apache24\htdocs\omes_app\dompdf\vendor\dompdf\dompdf\src\FrameReflower\TableRow.php on line 33
[08-Aug-2025 07:59:31 UTC] PHP Deprecated:  Dompdf\FrameReflower\TableCell::reflow(): Implicitly marking parameter $block as nullable is deprecated, the explicit nullable type must be used instead in C:\Apache24\htdocs\omes_app\dompdf\vendor\dompdf\dompdf\src\FrameReflower\TableCell.php on line 32
[08-Aug-2025 07:59:31 UTC] PHP Deprecated:  Dompdf\FrameReflower\Image::reflow(): Implicitly marking parameter $block as nullable is deprecated, the explicit nullable type must be used instead in C:\Apache24\htdocs\omes_app\dompdf\vendor\dompdf\dompdf\src\FrameReflower\Image.php on line 33
[08-Aug-2025 07:59:31 UTC] PHP Deprecated:  Dompdf\FrameReflower\Inline::reflow(): Implicitly marking parameter $block as nullable is deprecated, the explicit nullable type must be used instead in C:\Apache24\htdocs\omes_app\dompdf\vendor\dompdf\dompdf\src\FrameReflower\Inline.php on line 77
[08-Aug-2025 08:00:00 UTC] PHP Deprecated:  Dompdf\Options::__construct(): Implicitly marking parameter $attributes as nullable is deprecated, the explicit nullable type must be used instead in C:\Apache24\htdocs\omes_app\dompdf\vendor\dompdf\dompdf\src\Options.php on line 312
[08-Aug-2025 08:00:00 UTC] PHP Deprecated:  Dompdf\FrameDecorator\AbstractFrameDecorator::reflow(): Implicitly marking parameter $block as nullable is deprecated, the explicit nullable type must be used instead in C:\Apache24\htdocs\omes_app\dompdf\vendor\dompdf\dompdf\src\FrameDecorator\AbstractFrameDecorator.php on line 908
[08-Aug-2025 08:00:00 UTC] PHP Deprecated:  Dompdf\FrameReflower\Page::reflow(): Implicitly marking parameter $block as nullable is deprecated, the explicit nullable type must be used instead in C:\Apache24\htdocs\omes_app\dompdf\vendor\dompdf\dompdf\src\FrameReflower\Page.php on line 94
[08-Aug-2025 08:00:00 UTC] PHP Deprecated:  Dompdf\FrameReflower\AbstractFrameReflower::reflow(): Implicitly marking parameter $block as nullable is deprecated, the explicit nullable type must be used instead in C:\Apache24\htdocs\omes_app\dompdf\vendor\dompdf\dompdf\src\FrameReflower\AbstractFrameReflower.php on line 290
[08-Aug-2025 08:00:00 UTC] PHP Deprecated:  Dompdf\FrameReflower\Block::reflow(): Implicitly marking parameter $block as nullable is deprecated, the explicit nullable type must be used instead in C:\Apache24\htdocs\omes_app\dompdf\vendor\dompdf\dompdf\src\FrameReflower\Block.php on line 781
[08-Aug-2025 08:00:00 UTC] PHP Deprecated:  Dompdf\FrameReflower\Text::reflow(): Implicitly marking parameter $block as nullable is deprecated, the explicit nullable type must be used instead in C:\Apache24\htdocs\omes_app\dompdf\vendor\dompdf\dompdf\src\FrameReflower\Text.php on line 377
[08-Aug-2025 08:00:00 UTC] PHP Deprecated:  Dompdf\FrameReflower\Table::reflow(): Implicitly marking parameter $block as nullable is deprecated, the explicit nullable type must be used instead in C:\Apache24\htdocs\omes_app\dompdf\vendor\dompdf\dompdf\src\FrameReflower\Table.php on line 299
[08-Aug-2025 08:00:00 UTC] PHP Deprecated:  Dompdf\FrameReflower\TableRowGroup::reflow(): Implicitly marking parameter $block as nullable is deprecated, the explicit nullable type must be used instead in C:\Apache24\htdocs\omes_app\dompdf\vendor\dompdf\dompdf\src\FrameReflower\TableRowGroup.php on line 33
[08-Aug-2025 08:00:00 UTC] PHP Deprecated:  Dompdf\FrameReflower\TableRow::reflow(): Implicitly marking parameter $block as nullable is deprecated, the explicit nullable type must be used instead in C:\Apache24\htdocs\omes_app\dompdf\vendor\dompdf\dompdf\src\FrameReflower\TableRow.php on line 33
[08-Aug-2025 08:00:00 UTC] PHP Deprecated:  Dompdf\FrameReflower\TableCell::reflow(): Implicitly marking parameter $block as nullable is deprecated, the explicit nullable type must be used instead in C:\Apache24\htdocs\omes_app\dompdf\vendor\dompdf\dompdf\src\FrameReflower\TableCell.php on line 32
[08-Aug-2025 08:00:00 UTC] PHP Deprecated:  Dompdf\FrameReflower\Image::reflow(): Implicitly marking parameter $block as nullable is deprecated, the explicit nullable type must be used instead in C:\Apache24\htdocs\omes_app\dompdf\vendor\dompdf\dompdf\src\FrameReflower\Image.php on line 33
[08-Aug-2025 08:00:00 UTC] PHP Deprecated:  Dompdf\FrameReflower\Inline::reflow(): Implicitly marking parameter $block as nullable is deprecated, the explicit nullable type must be used instead in C:\Apache24\htdocs\omes_app\dompdf\vendor\dompdf\dompdf\src\FrameReflower\Inline.php on line 77
[08-Aug-2025 08:00:12 UTC] PHP Deprecated:  Dompdf\Options::__construct(): Implicitly marking parameter $attributes as nullable is deprecated, the explicit nullable type must be used instead in C:\Apache24\htdocs\omes_app\dompdf\vendor\dompdf\dompdf\src\Options.php on line 312
[08-Aug-2025 08:00:12 UTC] PHP Deprecated:  Dompdf\FrameDecorator\AbstractFrameDecorator::reflow(): Implicitly marking parameter $block as nullable is deprecated, the explicit nullable type must be used instead in C:\Apache24\htdocs\omes_app\dompdf\vendor\dompdf\dompdf\src\FrameDecorator\AbstractFrameDecorator.php on line 908
[08-Aug-2025 08:00:12 UTC] PHP Deprecated:  Dompdf\FrameReflower\Page::reflow(): Implicitly marking parameter $block as nullable is deprecated, the explicit nullable type must be used instead in C:\Apache24\htdocs\omes_app\dompdf\vendor\dompdf\dompdf\src\FrameReflower\Page.php on line 94
[08-Aug-2025 08:00:12 UTC] PHP Deprecated:  Dompdf\FrameReflower\AbstractFrameReflower::reflow(): Implicitly marking parameter $block as nullable is deprecated, the explicit nullable type must be used instead in C:\Apache24\htdocs\omes_app\dompdf\vendor\dompdf\dompdf\src\FrameReflower\AbstractFrameReflower.php on line 290
[08-Aug-2025 08:00:12 UTC] PHP Deprecated:  Dompdf\FrameReflower\Block::reflow(): Implicitly marking parameter $block as nullable is deprecated, the explicit nullable type must be used instead in C:\Apache24\htdocs\omes_app\dompdf\vendor\dompdf\dompdf\src\FrameReflower\Block.php on line 781
[08-Aug-2025 08:00:12 UTC] PHP Deprecated:  Dompdf\FrameReflower\Text::reflow(): Implicitly marking parameter $block as nullable is deprecated, the explicit nullable type must be used instead in C:\Apache24\htdocs\omes_app\dompdf\vendor\dompdf\dompdf\src\FrameReflower\Text.php on line 377
[08-Aug-2025 08:00:12 UTC] PHP Deprecated:  Dompdf\FrameReflower\Table::reflow(): Implicitly marking parameter $block as nullable is deprecated, the explicit nullable type must be used instead in C:\Apache24\htdocs\omes_app\dompdf\vendor\dompdf\dompdf\src\FrameReflower\Table.php on line 299
[08-Aug-2025 08:00:12 UTC] PHP Deprecated:  Dompdf\FrameReflower\TableRowGroup::reflow(): Implicitly marking parameter $block as nullable is deprecated, the explicit nullable type must be used instead in C:\Apache24\htdocs\omes_app\dompdf\vendor\dompdf\dompdf\src\FrameReflower\TableRowGroup.php on line 33
[08-Aug-2025 08:00:12 UTC] PHP Deprecated:  Dompdf\FrameReflower\TableRow::reflow(): Implicitly marking parameter $block as nullable is deprecated, the explicit nullable type must be used instead in C:\Apache24\htdocs\omes_app\dompdf\vendor\dompdf\dompdf\src\FrameReflower\TableRow.php on line 33
[08-Aug-2025 08:00:12 UTC] PHP Deprecated:  Dompdf\FrameReflower\TableCell::reflow(): Implicitly marking parameter $block as nullable is deprecated, the explicit nullable type must be used instead in C:\Apache24\htdocs\omes_app\dompdf\vendor\dompdf\dompdf\src\FrameReflower\TableCell.php on line 32
[08-Aug-2025 08:00:12 UTC] PHP Deprecated:  Dompdf\FrameReflower\Image::reflow(): Implicitly marking parameter $block as nullable is deprecated, the explicit nullable type must be used instead in C:\Apache24\htdocs\omes_app\dompdf\vendor\dompdf\dompdf\src\FrameReflower\Image.php on line 33
[08-Aug-2025 08:00:12 UTC] PHP Deprecated:  Dompdf\FrameReflower\Inline::reflow(): Implicitly marking parameter $block as nullable is deprecated, the explicit nullable type must be used instead in C:\Apache24\htdocs\omes_app\dompdf\vendor\dompdf\dompdf\src\FrameReflower\Inline.php on line 77
[08-Aug-2025 08:00:45 UTC] PHP Deprecated:  Dompdf\Options::__construct(): Implicitly marking parameter $attributes as nullable is deprecated, the explicit nullable type must be used instead in C:\Apache24\htdocs\omes_app\dompdf\vendor\dompdf\dompdf\src\Options.php on line 312
[08-Aug-2025 08:00:45 UTC] PHP Deprecated:  Dompdf\FrameDecorator\AbstractFrameDecorator::reflow(): Implicitly marking parameter $block as nullable is deprecated, the explicit nullable type must be used instead in C:\Apache24\htdocs\omes_app\dompdf\vendor\dompdf\dompdf\src\FrameDecorator\AbstractFrameDecorator.php on line 908
[08-Aug-2025 08:00:45 UTC] PHP Deprecated:  Dompdf\FrameReflower\Page::reflow(): Implicitly marking parameter $block as nullable is deprecated, the explicit nullable type must be used instead in C:\Apache24\htdocs\omes_app\dompdf\vendor\dompdf\dompdf\src\FrameReflower\Page.php on line 94
[08-Aug-2025 08:00:45 UTC] PHP Deprecated:  Dompdf\FrameReflower\AbstractFrameReflower::reflow(): Implicitly marking parameter $block as nullable is deprecated, the explicit nullable type must be used instead in C:\Apache24\htdocs\omes_app\dompdf\vendor\dompdf\dompdf\src\FrameReflower\AbstractFrameReflower.php on line 290
[08-Aug-2025 08:00:45 UTC] PHP Deprecated:  Dompdf\FrameReflower\Block::reflow(): Implicitly marking parameter $block as nullable is deprecated, the explicit nullable type must be used instead in C:\Apache24\htdocs\omes_app\dompdf\vendor\dompdf\dompdf\src\FrameReflower\Block.php on line 781
[08-Aug-2025 08:00:45 UTC] PHP Deprecated:  Dompdf\FrameReflower\Text::reflow(): Implicitly marking parameter $block as nullable is deprecated, the explicit nullable type must be used instead in C:\Apache24\htdocs\omes_app\dompdf\vendor\dompdf\dompdf\src\FrameReflower\Text.php on line 377
[08-Aug-2025 08:00:45 UTC] PHP Deprecated:  Dompdf\FrameReflower\Table::reflow(): Implicitly marking parameter $block as nullable is deprecated, the explicit nullable type must be used instead in C:\Apache24\htdocs\omes_app\dompdf\vendor\dompdf\dompdf\src\FrameReflower\Table.php on line 299
[08-Aug-2025 08:00:45 UTC] PHP Deprecated:  Dompdf\FrameReflower\TableRowGroup::reflow(): Implicitly marking parameter $block as nullable is deprecated, the explicit nullable type must be used instead in C:\Apache24\htdocs\omes_app\dompdf\vendor\dompdf\dompdf\src\FrameReflower\TableRowGroup.php on line 33
[08-Aug-2025 08:00:45 UTC] PHP Deprecated:  Dompdf\FrameReflower\TableRow::reflow(): Implicitly marking parameter $block as nullable is deprecated, the explicit nullable type must be used instead in C:\Apache24\htdocs\omes_app\dompdf\vendor\dompdf\dompdf\src\FrameReflower\TableRow.php on line 33
[08-Aug-2025 08:00:45 UTC] PHP Deprecated:  Dompdf\FrameReflower\TableCell::reflow(): Implicitly marking parameter $block as nullable is deprecated, the explicit nullable type must be used instead in C:\Apache24\htdocs\omes_app\dompdf\vendor\dompdf\dompdf\src\FrameReflower\TableCell.php on line 32
[08-Aug-2025 08:00:45 UTC] PHP Deprecated:  Dompdf\FrameReflower\Image::reflow(): Implicitly marking parameter $block as nullable is deprecated, the explicit nullable type must be used instead in C:\Apache24\htdocs\omes_app\dompdf\vendor\dompdf\dompdf\src\FrameReflower\Image.php on line 33
[08-Aug-2025 08:00:45 UTC] PHP Deprecated:  Dompdf\FrameReflower\Inline::reflow(): Implicitly marking parameter $block as nullable is deprecated, the explicit nullable type must be used instead in C:\Apache24\htdocs\omes_app\dompdf\vendor\dompdf\dompdf\src\FrameReflower\Inline.php on line 77
[08-Aug-2025 08:01:19 UTC] PHP Deprecated:  Dompdf\Options::__construct(): Implicitly marking parameter $attributes as nullable is deprecated, the explicit nullable type must be used instead in C:\Apache24\htdocs\omes_app\dompdf\vendor\dompdf\dompdf\src\Options.php on line 312
[08-Aug-2025 08:01:19 UTC] PHP Deprecated:  Dompdf\FrameDecorator\AbstractFrameDecorator::reflow(): Implicitly marking parameter $block as nullable is deprecated, the explicit nullable type must be used instead in C:\Apache24\htdocs\omes_app\dompdf\vendor\dompdf\dompdf\src\FrameDecorator\AbstractFrameDecorator.php on line 908
[08-Aug-2025 08:01:19 UTC] PHP Deprecated:  Dompdf\FrameReflower\Page::reflow(): Implicitly marking parameter $block as nullable is deprecated, the explicit nullable type must be used instead in C:\Apache24\htdocs\omes_app\dompdf\vendor\dompdf\dompdf\src\FrameReflower\Page.php on line 94
[08-Aug-2025 08:01:19 UTC] PHP Deprecated:  Dompdf\FrameReflower\AbstractFrameReflower::reflow(): Implicitly marking parameter $block as nullable is deprecated, the explicit nullable type must be used instead in C:\Apache24\htdocs\omes_app\dompdf\vendor\dompdf\dompdf\src\FrameReflower\AbstractFrameReflower.php on line 290
[08-Aug-2025 08:01:19 UTC] PHP Deprecated:  Dompdf\FrameReflower\Block::reflow(): Implicitly marking parameter $block as nullable is deprecated, the explicit nullable type must be used instead in C:\Apache24\htdocs\omes_app\dompdf\vendor\dompdf\dompdf\src\FrameReflower\Block.php on line 781
[08-Aug-2025 08:01:19 UTC] PHP Deprecated:  Dompdf\FrameReflower\Text::reflow(): Implicitly marking parameter $block as nullable is deprecated, the explicit nullable type must be used instead in C:\Apache24\htdocs\omes_app\dompdf\vendor\dompdf\dompdf\src\FrameReflower\Text.php on line 377
[08-Aug-2025 08:01:19 UTC] PHP Deprecated:  Dompdf\FrameReflower\Table::reflow(): Implicitly marking parameter $block as nullable is deprecated, the explicit nullable type must be used instead in C:\Apache24\htdocs\omes_app\dompdf\vendor\dompdf\dompdf\src\FrameReflower\Table.php on line 299
[08-Aug-2025 08:01:19 UTC] PHP Deprecated:  Dompdf\FrameReflower\TableRowGroup::reflow(): Implicitly marking parameter $block as nullable is deprecated, the explicit nullable type must be used instead in C:\Apache24\htdocs\omes_app\dompdf\vendor\dompdf\dompdf\src\FrameReflower\TableRowGroup.php on line 33
[08-Aug-2025 08:01:19 UTC] PHP Deprecated:  Dompdf\FrameReflower\TableRow::reflow(): Implicitly marking parameter $block as nullable is deprecated, the explicit nullable type must be used instead in C:\Apache24\htdocs\omes_app\dompdf\vendor\dompdf\dompdf\src\FrameReflower\TableRow.php on line 33
[08-Aug-2025 08:01:19 UTC] PHP Deprecated:  Dompdf\FrameReflower\TableCell::reflow(): Implicitly marking parameter $block as nullable is deprecated, the explicit nullable type must be used instead in C:\Apache24\htdocs\omes_app\dompdf\vendor\dompdf\dompdf\src\FrameReflower\TableCell.php on line 32
[08-Aug-2025 08:01:19 UTC] PHP Deprecated:  Dompdf\FrameReflower\Image::reflow(): Implicitly marking parameter $block as nullable is deprecated, the explicit nullable type must be used instead in C:\Apache24\htdocs\omes_app\dompdf\vendor\dompdf\dompdf\src\FrameReflower\Image.php on line 33
[08-Aug-2025 08:01:19 UTC] PHP Deprecated:  Dompdf\FrameReflower\Inline::reflow(): Implicitly marking parameter $block as nullable is deprecated, the explicit nullable type must be used instead in C:\Apache24\htdocs\omes_app\dompdf\vendor\dompdf\dompdf\src\FrameReflower\Inline.php on line 77
[08-Aug-2025 08:01:26 UTC] PHP Deprecated:  Dompdf\Options::__construct(): Implicitly marking parameter $attributes as nullable is deprecated, the explicit nullable type must be used instead in C:\Apache24\htdocs\omes_app\dompdf\vendor\dompdf\dompdf\src\Options.php on line 312
[08-Aug-2025 08:01:26 UTC] PHP Deprecated:  Dompdf\FrameDecorator\AbstractFrameDecorator::reflow(): Implicitly marking parameter $block as nullable is deprecated, the explicit nullable type must be used instead in C:\Apache24\htdocs\omes_app\dompdf\vendor\dompdf\dompdf\src\FrameDecorator\AbstractFrameDecorator.php on line 908
[08-Aug-2025 08:01:26 UTC] PHP Deprecated:  Dompdf\FrameReflower\Page::reflow(): Implicitly marking parameter $block as nullable is deprecated, the explicit nullable type must be used instead in C:\Apache24\htdocs\omes_app\dompdf\vendor\dompdf\dompdf\src\FrameReflower\Page.php on line 94
[08-Aug-2025 08:01:26 UTC] PHP Deprecated:  Dompdf\FrameReflower\AbstractFrameReflower::reflow(): Implicitly marking parameter $block as nullable is deprecated, the explicit nullable type must be used instead in C:\Apache24\htdocs\omes_app\dompdf\vendor\dompdf\dompdf\src\FrameReflower\AbstractFrameReflower.php on line 290
[08-Aug-2025 08:01:26 UTC] PHP Deprecated:  Dompdf\FrameReflower\Block::reflow(): Implicitly marking parameter $block as nullable is deprecated, the explicit nullable type must be used instead in C:\Apache24\htdocs\omes_app\dompdf\vendor\dompdf\dompdf\src\FrameReflower\Block.php on line 781
[08-Aug-2025 08:01:26 UTC] PHP Deprecated:  Dompdf\FrameReflower\Text::reflow(): Implicitly marking parameter $block as nullable is deprecated, the explicit nullable type must be used instead in C:\Apache24\htdocs\omes_app\dompdf\vendor\dompdf\dompdf\src\FrameReflower\Text.php on line 377
[08-Aug-2025 08:01:26 UTC] PHP Deprecated:  Dompdf\FrameReflower\Table::reflow(): Implicitly marking parameter $block as nullable is deprecated, the explicit nullable type must be used instead in C:\Apache24\htdocs\omes_app\dompdf\vendor\dompdf\dompdf\src\FrameReflower\Table.php on line 299
[08-Aug-2025 08:01:26 UTC] PHP Deprecated:  Dompdf\FrameReflower\TableRowGroup::reflow(): Implicitly marking parameter $block as nullable is deprecated, the explicit nullable type must be used instead in C:\Apache24\htdocs\omes_app\dompdf\vendor\dompdf\dompdf\src\FrameReflower\TableRowGroup.php on line 33
[08-Aug-2025 08:01:26 UTC] PHP Deprecated:  Dompdf\FrameReflower\TableRow::reflow(): Implicitly marking parameter $block as nullable is deprecated, the explicit nullable type must be used instead in C:\Apache24\htdocs\omes_app\dompdf\vendor\dompdf\dompdf\src\FrameReflower\TableRow.php on line 33
[08-Aug-2025 08:01:26 UTC] PHP Deprecated:  Dompdf\FrameReflower\TableCell::reflow(): Implicitly marking parameter $block as nullable is deprecated, the explicit nullable type must be used instead in C:\Apache24\htdocs\omes_app\dompdf\vendor\dompdf\dompdf\src\FrameReflower\TableCell.php on line 32
[08-Aug-2025 08:01:26 UTC] PHP Deprecated:  Dompdf\FrameReflower\Image::reflow(): Implicitly marking parameter $block as nullable is deprecated, the explicit nullable type must be used instead in C:\Apache24\htdocs\omes_app\dompdf\vendor\dompdf\dompdf\src\FrameReflower\Image.php on line 33
[08-Aug-2025 08:01:26 UTC] PHP Deprecated:  Dompdf\FrameReflower\Inline::reflow(): Implicitly marking parameter $block as nullable is deprecated, the explicit nullable type must be used instead in C:\Apache24\htdocs\omes_app\dompdf\vendor\dompdf\dompdf\src\FrameReflower\Inline.php on line 77
[08-Aug-2025 08:01:33 UTC] PHP Deprecated:  Dompdf\Options::__construct(): Implicitly marking parameter $attributes as nullable is deprecated, the explicit nullable type must be used instead in C:\Apache24\htdocs\omes_app\dompdf\vendor\dompdf\dompdf\src\Options.php on line 312
[08-Aug-2025 08:01:33 UTC] PHP Deprecated:  Dompdf\FrameDecorator\AbstractFrameDecorator::reflow(): Implicitly marking parameter $block as nullable is deprecated, the explicit nullable type must be used instead in C:\Apache24\htdocs\omes_app\dompdf\vendor\dompdf\dompdf\src\FrameDecorator\AbstractFrameDecorator.php on line 908
[08-Aug-2025 08:01:33 UTC] PHP Deprecated:  Dompdf\FrameReflower\Page::reflow(): Implicitly marking parameter $block as nullable is deprecated, the explicit nullable type must be used instead in C:\Apache24\htdocs\omes_app\dompdf\vendor\dompdf\dompdf\src\FrameReflower\Page.php on line 94
[08-Aug-2025 08:01:33 UTC] PHP Deprecated:  Dompdf\FrameReflower\AbstractFrameReflower::reflow(): Implicitly marking parameter $block as nullable is deprecated, the explicit nullable type must be used instead in C:\Apache24\htdocs\omes_app\dompdf\vendor\dompdf\dompdf\src\FrameReflower\AbstractFrameReflower.php on line 290
[08-Aug-2025 08:01:34 UTC] PHP Deprecated:  Dompdf\FrameReflower\Block::reflow(): Implicitly marking parameter $block as nullable is deprecated, the explicit nullable type must be used instead in C:\Apache24\htdocs\omes_app\dompdf\vendor\dompdf\dompdf\src\FrameReflower\Block.php on line 781
[08-Aug-2025 08:01:34 UTC] PHP Deprecated:  Dompdf\FrameReflower\Text::reflow(): Implicitly marking parameter $block as nullable is deprecated, the explicit nullable type must be used instead in C:\Apache24\htdocs\omes_app\dompdf\vendor\dompdf\dompdf\src\FrameReflower\Text.php on line 377
[08-Aug-2025 08:01:34 UTC] PHP Deprecated:  Dompdf\FrameReflower\Table::reflow(): Implicitly marking parameter $block as nullable is deprecated, the explicit nullable type must be used instead in C:\Apache24\htdocs\omes_app\dompdf\vendor\dompdf\dompdf\src\FrameReflower\Table.php on line 299
[08-Aug-2025 08:01:34 UTC] PHP Deprecated:  Dompdf\FrameReflower\TableRowGroup::reflow(): Implicitly marking parameter $block as nullable is deprecated, the explicit nullable type must be used instead in C:\Apache24\htdocs\omes_app\dompdf\vendor\dompdf\dompdf\src\FrameReflower\TableRowGroup.php on line 33
[08-Aug-2025 08:01:34 UTC] PHP Deprecated:  Dompdf\FrameReflower\TableRow::reflow(): Implicitly marking parameter $block as nullable is deprecated, the explicit nullable type must be used instead in C:\Apache24\htdocs\omes_app\dompdf\vendor\dompdf\dompdf\src\FrameReflower\TableRow.php on line 33
[08-Aug-2025 08:01:34 UTC] PHP Deprecated:  Dompdf\FrameReflower\TableCell::reflow(): Implicitly marking parameter $block as nullable is deprecated, the explicit nullable type must be used instead in C:\Apache24\htdocs\omes_app\dompdf\vendor\dompdf\dompdf\src\FrameReflower\TableCell.php on line 32
[08-Aug-2025 08:01:34 UTC] PHP Deprecated:  Dompdf\FrameReflower\Image::reflow(): Implicitly marking parameter $block as nullable is deprecated, the explicit nullable type must be used instead in C:\Apache24\htdocs\omes_app\dompdf\vendor\dompdf\dompdf\src\FrameReflower\Image.php on line 33
[08-Aug-2025 08:01:34 UTC] PHP Deprecated:  Dompdf\FrameReflower\Inline::reflow(): Implicitly marking parameter $block as nullable is deprecated, the explicit nullable type must be used instead in C:\Apache24\htdocs\omes_app\dompdf\vendor\dompdf\dompdf\src\FrameReflower\Inline.php on line 77
[08-Aug-2025 08:01:41 UTC] PHP Deprecated:  Dompdf\Options::__construct(): Implicitly marking parameter $attributes as nullable is deprecated, the explicit nullable type must be used instead in C:\Apache24\htdocs\omes_app\dompdf\vendor\dompdf\dompdf\src\Options.php on line 312
[08-Aug-2025 08:01:41 UTC] PHP Deprecated:  Dompdf\FrameDecorator\AbstractFrameDecorator::reflow(): Implicitly marking parameter $block as nullable is deprecated, the explicit nullable type must be used instead in C:\Apache24\htdocs\omes_app\dompdf\vendor\dompdf\dompdf\src\FrameDecorator\AbstractFrameDecorator.php on line 908
[08-Aug-2025 08:01:41 UTC] PHP Deprecated:  Dompdf\FrameReflower\Page::reflow(): Implicitly marking parameter $block as nullable is deprecated, the explicit nullable type must be used instead in C:\Apache24\htdocs\omes_app\dompdf\vendor\dompdf\dompdf\src\FrameReflower\Page.php on line 94
[08-Aug-2025 08:01:41 UTC] PHP Deprecated:  Dompdf\FrameReflower\AbstractFrameReflower::reflow(): Implicitly marking parameter $block as nullable is deprecated, the explicit nullable type must be used instead in C:\Apache24\htdocs\omes_app\dompdf\vendor\dompdf\dompdf\src\FrameReflower\AbstractFrameReflower.php on line 290
[08-Aug-2025 08:01:41 UTC] PHP Deprecated:  Dompdf\FrameReflower\Block::reflow(): Implicitly marking parameter $block as nullable is deprecated, the explicit nullable type must be used instead in C:\Apache24\htdocs\omes_app\dompdf\vendor\dompdf\dompdf\src\FrameReflower\Block.php on line 781
[08-Aug-2025 08:01:41 UTC] PHP Deprecated:  Dompdf\FrameReflower\Text::reflow(): Implicitly marking parameter $block as nullable is deprecated, the explicit nullable type must be used instead in C:\Apache24\htdocs\omes_app\dompdf\vendor\dompdf\dompdf\src\FrameReflower\Text.php on line 377
[08-Aug-2025 08:01:41 UTC] PHP Deprecated:  Dompdf\FrameReflower\Table::reflow(): Implicitly marking parameter $block as nullable is deprecated, the explicit nullable type must be used instead in C:\Apache24\htdocs\omes_app\dompdf\vendor\dompdf\dompdf\src\FrameReflower\Table.php on line 299
[08-Aug-2025 08:01:41 UTC] PHP Deprecated:  Dompdf\FrameReflower\TableRowGroup::reflow(): Implicitly marking parameter $block as nullable is deprecated, the explicit nullable type must be used instead in C:\Apache24\htdocs\omes_app\dompdf\vendor\dompdf\dompdf\src\FrameReflower\TableRowGroup.php on line 33
[08-Aug-2025 08:01:41 UTC] PHP Deprecated:  Dompdf\FrameReflower\TableRow::reflow(): Implicitly marking parameter $block as nullable is deprecated, the explicit nullable type must be used instead in C:\Apache24\htdocs\omes_app\dompdf\vendor\dompdf\dompdf\src\FrameReflower\TableRow.php on line 33
[08-Aug-2025 08:01:41 UTC] PHP Deprecated:  Dompdf\FrameReflower\TableCell::reflow(): Implicitly marking parameter $block as nullable is deprecated, the explicit nullable type must be used instead in C:\Apache24\htdocs\omes_app\dompdf\vendor\dompdf\dompdf\src\FrameReflower\TableCell.php on line 32
[08-Aug-2025 08:01:41 UTC] PHP Deprecated:  Dompdf\FrameReflower\Image::reflow(): Implicitly marking parameter $block as nullable is deprecated, the explicit nullable type must be used instead in C:\Apache24\htdocs\omes_app\dompdf\vendor\dompdf\dompdf\src\FrameReflower\Image.php on line 33
[08-Aug-2025 08:01:41 UTC] PHP Deprecated:  Dompdf\FrameReflower\Inline::reflow(): Implicitly marking parameter $block as nullable is deprecated, the explicit nullable type must be used instead in C:\Apache24\htdocs\omes_app\dompdf\vendor\dompdf\dompdf\src\FrameReflower\Inline.php on line 77
[08-Aug-2025 08:01:49 UTC] PHP Deprecated:  Dompdf\Options::__construct(): Implicitly marking parameter $attributes as nullable is deprecated, the explicit nullable type must be used instead in C:\Apache24\htdocs\omes_app\dompdf\vendor\dompdf\dompdf\src\Options.php on line 312
[08-Aug-2025 08:01:49 UTC] PHP Deprecated:  Dompdf\FrameDecorator\AbstractFrameDecorator::reflow(): Implicitly marking parameter $block as nullable is deprecated, the explicit nullable type must be used instead in C:\Apache24\htdocs\omes_app\dompdf\vendor\dompdf\dompdf\src\FrameDecorator\AbstractFrameDecorator.php on line 908
[08-Aug-2025 08:01:49 UTC] PHP Deprecated:  Dompdf\FrameReflower\Page::reflow(): Implicitly marking parameter $block as nullable is deprecated, the explicit nullable type must be used instead in C:\Apache24\htdocs\omes_app\dompdf\vendor\dompdf\dompdf\src\FrameReflower\Page.php on line 94
[08-Aug-2025 08:01:49 UTC] PHP Deprecated:  Dompdf\FrameReflower\AbstractFrameReflower::reflow(): Implicitly marking parameter $block as nullable is deprecated, the explicit nullable type must be used instead in C:\Apache24\htdocs\omes_app\dompdf\vendor\dompdf\dompdf\src\FrameReflower\AbstractFrameReflower.php on line 290
[08-Aug-2025 08:01:49 UTC] PHP Deprecated:  Dompdf\FrameReflower\Block::reflow(): Implicitly marking parameter $block as nullable is deprecated, the explicit nullable type must be used instead in C:\Apache24\htdocs\omes_app\dompdf\vendor\dompdf\dompdf\src\FrameReflower\Block.php on line 781
[08-Aug-2025 08:01:49 UTC] PHP Deprecated:  Dompdf\FrameReflower\Text::reflow(): Implicitly marking parameter $block as nullable is deprecated, the explicit nullable type must be used instead in C:\Apache24\htdocs\omes_app\dompdf\vendor\dompdf\dompdf\src\FrameReflower\Text.php on line 377
[08-Aug-2025 08:01:49 UTC] PHP Deprecated:  Dompdf\FrameReflower\Table::reflow(): Implicitly marking parameter $block as nullable is deprecated, the explicit nullable type must be used instead in C:\Apache24\htdocs\omes_app\dompdf\vendor\dompdf\dompdf\src\FrameReflower\Table.php on line 299
[08-Aug-2025 08:01:49 UTC] PHP Deprecated:  Dompdf\FrameReflower\TableRowGroup::reflow(): Implicitly marking parameter $block as nullable is deprecated, the explicit nullable type must be used instead in C:\Apache24\htdocs\omes_app\dompdf\vendor\dompdf\dompdf\src\FrameReflower\TableRowGroup.php on line 33
[08-Aug-2025 08:01:49 UTC] PHP Deprecated:  Dompdf\FrameReflower\TableRow::reflow(): Implicitly marking parameter $block as nullable is deprecated, the explicit nullable type must be used instead in C:\Apache24\htdocs\omes_app\dompdf\vendor\dompdf\dompdf\src\FrameReflower\TableRow.php on line 33
[08-Aug-2025 08:01:49 UTC] PHP Deprecated:  Dompdf\FrameReflower\TableCell::reflow(): Implicitly marking parameter $block as nullable is deprecated, the explicit nullable type must be used instead in C:\Apache24\htdocs\omes_app\dompdf\vendor\dompdf\dompdf\src\FrameReflower\TableCell.php on line 32
[08-Aug-2025 08:01:49 UTC] PHP Deprecated:  Dompdf\FrameReflower\Image::reflow(): Implicitly marking parameter $block as nullable is deprecated, the explicit nullable type must be used instead in C:\Apache24\htdocs\omes_app\dompdf\vendor\dompdf\dompdf\src\FrameReflower\Image.php on line 33
[08-Aug-2025 08:01:49 UTC] PHP Deprecated:  Dompdf\FrameReflower\Inline::reflow(): Implicitly marking parameter $block as nullable is deprecated, the explicit nullable type must be used instead in C:\Apache24\htdocs\omes_app\dompdf\vendor\dompdf\dompdf\src\FrameReflower\Inline.php on line 77
[08-Aug-2025 08:01:58 UTC] PHP Deprecated:  Dompdf\Options::__construct(): Implicitly marking parameter $attributes as nullable is deprecated, the explicit nullable type must be used instead in C:\Apache24\htdocs\omes_app\dompdf\vendor\dompdf\dompdf\src\Options.php on line 312
[08-Aug-2025 08:01:58 UTC] PHP Deprecated:  Dompdf\FrameDecorator\AbstractFrameDecorator::reflow(): Implicitly marking parameter $block as nullable is deprecated, the explicit nullable type must be used instead in C:\Apache24\htdocs\omes_app\dompdf\vendor\dompdf\dompdf\src\FrameDecorator\AbstractFrameDecorator.php on line 908
[08-Aug-2025 08:01:58 UTC] PHP Deprecated:  Dompdf\FrameReflower\Page::reflow(): Implicitly marking parameter $block as nullable is deprecated, the explicit nullable type must be used instead in C:\Apache24\htdocs\omes_app\dompdf\vendor\dompdf\dompdf\src\FrameReflower\Page.php on line 94
[08-Aug-2025 08:01:58 UTC] PHP Deprecated:  Dompdf\FrameReflower\AbstractFrameReflower::reflow(): Implicitly marking parameter $block as nullable is deprecated, the explicit nullable type must be used instead in C:\Apache24\htdocs\omes_app\dompdf\vendor\dompdf\dompdf\src\FrameReflower\AbstractFrameReflower.php on line 290
[08-Aug-2025 08:01:58 UTC] PHP Deprecated:  Dompdf\FrameReflower\Block::reflow(): Implicitly marking parameter $block as nullable is deprecated, the explicit nullable type must be used instead in C:\Apache24\htdocs\omes_app\dompdf\vendor\dompdf\dompdf\src\FrameReflower\Block.php on line 781
[08-Aug-2025 08:01:58 UTC] PHP Deprecated:  Dompdf\FrameReflower\Text::reflow(): Implicitly marking parameter $block as nullable is deprecated, the explicit nullable type must be used instead in C:\Apache24\htdocs\omes_app\dompdf\vendor\dompdf\dompdf\src\FrameReflower\Text.php on line 377
[08-Aug-2025 08:01:58 UTC] PHP Deprecated:  Dompdf\FrameReflower\Table::reflow(): Implicitly marking parameter $block as nullable is deprecated, the explicit nullable type must be used instead in C:\Apache24\htdocs\omes_app\dompdf\vendor\dompdf\dompdf\src\FrameReflower\Table.php on line 299
[08-Aug-2025 08:01:58 UTC] PHP Deprecated:  Dompdf\FrameReflower\TableRowGroup::reflow(): Implicitly marking parameter $block as nullable is deprecated, the explicit nullable type must be used instead in C:\Apache24\htdocs\omes_app\dompdf\vendor\dompdf\dompdf\src\FrameReflower\TableRowGroup.php on line 33
[08-Aug-2025 08:01:58 UTC] PHP Deprecated:  Dompdf\FrameReflower\TableRow::reflow(): Implicitly marking parameter $block as nullable is deprecated, the explicit nullable type must be used instead in C:\Apache24\htdocs\omes_app\dompdf\vendor\dompdf\dompdf\src\FrameReflower\TableRow.php on line 33
[08-Aug-2025 08:01:58 UTC] PHP Deprecated:  Dompdf\FrameReflower\TableCell::reflow(): Implicitly marking parameter $block as nullable is deprecated, the explicit nullable type must be used instead in C:\Apache24\htdocs\omes_app\dompdf\vendor\dompdf\dompdf\src\FrameReflower\TableCell.php on line 32
[08-Aug-2025 08:01:58 UTC] PHP Deprecated:  Dompdf\FrameReflower\Image::reflow(): Implicitly marking parameter $block as nullable is deprecated, the explicit nullable type must be used instead in C:\Apache24\htdocs\omes_app\dompdf\vendor\dompdf\dompdf\src\FrameReflower\Image.php on line 33
[08-Aug-2025 08:01:58 UTC] PHP Deprecated:  Dompdf\FrameReflower\Inline::reflow(): Implicitly marking parameter $block as nullable is deprecated, the explicit nullable type must be used instead in C:\Apache24\htdocs\omes_app\dompdf\vendor\dompdf\dompdf\src\FrameReflower\Inline.php on line 77
[08-Aug-2025 08:03:24 UTC] PHP Deprecated:  Dompdf\Options::__construct(): Implicitly marking parameter $attributes as nullable is deprecated, the explicit nullable type must be used instead in C:\Apache24\htdocs\omes_app\dompdf\vendor\dompdf\dompdf\src\Options.php on line 312
[08-Aug-2025 08:03:24 UTC] PHP Deprecated:  Dompdf\FrameDecorator\AbstractFrameDecorator::reflow(): Implicitly marking parameter $block as nullable is deprecated, the explicit nullable type must be used instead in C:\Apache24\htdocs\omes_app\dompdf\vendor\dompdf\dompdf\src\FrameDecorator\AbstractFrameDecorator.php on line 908
[08-Aug-2025 08:03:24 UTC] PHP Deprecated:  Dompdf\FrameReflower\Page::reflow(): Implicitly marking parameter $block as nullable is deprecated, the explicit nullable type must be used instead in C:\Apache24\htdocs\omes_app\dompdf\vendor\dompdf\dompdf\src\FrameReflower\Page.php on line 94
[08-Aug-2025 08:03:24 UTC] PHP Deprecated:  Dompdf\FrameReflower\AbstractFrameReflower::reflow(): Implicitly marking parameter $block as nullable is deprecated, the explicit nullable type must be used instead in C:\Apache24\htdocs\omes_app\dompdf\vendor\dompdf\dompdf\src\FrameReflower\AbstractFrameReflower.php on line 290
[08-Aug-2025 08:03:24 UTC] PHP Deprecated:  Dompdf\FrameReflower\Block::reflow(): Implicitly marking parameter $block as nullable is deprecated, the explicit nullable type must be used instead in C:\Apache24\htdocs\omes_app\dompdf\vendor\dompdf\dompdf\src\FrameReflower\Block.php on line 781
[08-Aug-2025 08:03:24 UTC] PHP Deprecated:  Dompdf\FrameReflower\Text::reflow(): Implicitly marking parameter $block as nullable is deprecated, the explicit nullable type must be used instead in C:\Apache24\htdocs\omes_app\dompdf\vendor\dompdf\dompdf\src\FrameReflower\Text.php on line 377
[08-Aug-2025 08:03:24 UTC] PHP Deprecated:  Dompdf\FrameReflower\Table::reflow(): Implicitly marking parameter $block as nullable is deprecated, the explicit nullable type must be used instead in C:\Apache24\htdocs\omes_app\dompdf\vendor\dompdf\dompdf\src\FrameReflower\Table.php on line 299
[08-Aug-2025 08:03:24 UTC] PHP Deprecated:  Dompdf\FrameReflower\TableRowGroup::reflow(): Implicitly marking parameter $block as nullable is deprecated, the explicit nullable type must be used instead in C:\Apache24\htdocs\omes_app\dompdf\vendor\dompdf\dompdf\src\FrameReflower\TableRowGroup.php on line 33
[08-Aug-2025 08:03:24 UTC] PHP Deprecated:  Dompdf\FrameReflower\TableRow::reflow(): Implicitly marking parameter $block as nullable is deprecated, the explicit nullable type must be used instead in C:\Apache24\htdocs\omes_app\dompdf\vendor\dompdf\dompdf\src\FrameReflower\TableRow.php on line 33
[08-Aug-2025 08:03:24 UTC] PHP Deprecated:  Dompdf\FrameReflower\TableCell::reflow(): Implicitly marking parameter $block as nullable is deprecated, the explicit nullable type must be used instead in C:\Apache24\htdocs\omes_app\dompdf\vendor\dompdf\dompdf\src\FrameReflower\TableCell.php on line 32
[08-Aug-2025 08:03:24 UTC] PHP Deprecated:  Dompdf\FrameReflower\Image::reflow(): Implicitly marking parameter $block as nullable is deprecated, the explicit nullable type must be used instead in C:\Apache24\htdocs\omes_app\dompdf\vendor\dompdf\dompdf\src\FrameReflower\Image.php on line 33
[08-Aug-2025 08:03:24 UTC] PHP Deprecated:  Dompdf\FrameReflower\Inline::reflow(): Implicitly marking parameter $block as nullable is deprecated, the explicit nullable type must be used instead in C:\Apache24\htdocs\omes_app\dompdf\vendor\dompdf\dompdf\src\FrameReflower\Inline.php on line 77
[08-Aug-2025 08:03:58 UTC] PHP Deprecated:  Dompdf\Options::__construct(): Implicitly marking parameter $attributes as nullable is deprecated, the explicit nullable type must be used instead in C:\Apache24\htdocs\omes_app\dompdf\vendor\dompdf\dompdf\src\Options.php on line 312
[08-Aug-2025 08:03:58 UTC] PHP Deprecated:  Dompdf\FrameDecorator\AbstractFrameDecorator::reflow(): Implicitly marking parameter $block as nullable is deprecated, the explicit nullable type must be used instead in C:\Apache24\htdocs\omes_app\dompdf\vendor\dompdf\dompdf\src\FrameDecorator\AbstractFrameDecorator.php on line 908
[08-Aug-2025 08:03:58 UTC] PHP Deprecated:  Dompdf\FrameReflower\Page::reflow(): Implicitly marking parameter $block as nullable is deprecated, the explicit nullable type must be used instead in C:\Apache24\htdocs\omes_app\dompdf\vendor\dompdf\dompdf\src\FrameReflower\Page.php on line 94
[08-Aug-2025 08:03:58 UTC] PHP Deprecated:  Dompdf\FrameReflower\AbstractFrameReflower::reflow(): Implicitly marking parameter $block as nullable is deprecated, the explicit nullable type must be used instead in C:\Apache24\htdocs\omes_app\dompdf\vendor\dompdf\dompdf\src\FrameReflower\AbstractFrameReflower.php on line 290
[08-Aug-2025 08:03:58 UTC] PHP Deprecated:  Dompdf\FrameReflower\Block::reflow(): Implicitly marking parameter $block as nullable is deprecated, the explicit nullable type must be used instead in C:\Apache24\htdocs\omes_app\dompdf\vendor\dompdf\dompdf\src\FrameReflower\Block.php on line 781
[08-Aug-2025 08:03:58 UTC] PHP Deprecated:  Dompdf\FrameReflower\Text::reflow(): Implicitly marking parameter $block as nullable is deprecated, the explicit nullable type must be used instead in C:\Apache24\htdocs\omes_app\dompdf\vendor\dompdf\dompdf\src\FrameReflower\Text.php on line 377
[08-Aug-2025 08:03:58 UTC] PHP Deprecated:  Dompdf\FrameReflower\Table::reflow(): Implicitly marking parameter $block as nullable is deprecated, the explicit nullable type must be used instead in C:\Apache24\htdocs\omes_app\dompdf\vendor\dompdf\dompdf\src\FrameReflower\Table.php on line 299
[08-Aug-2025 08:03:58 UTC] PHP Deprecated:  Dompdf\FrameReflower\TableRowGroup::reflow(): Implicitly marking parameter $block as nullable is deprecated, the explicit nullable type must be used instead in C:\Apache24\htdocs\omes_app\dompdf\vendor\dompdf\dompdf\src\FrameReflower\TableRowGroup.php on line 33
[08-Aug-2025 08:03:58 UTC] PHP Deprecated:  Dompdf\FrameReflower\TableRow::reflow(): Implicitly marking parameter $block as nullable is deprecated, the explicit nullable type must be used instead in C:\Apache24\htdocs\omes_app\dompdf\vendor\dompdf\dompdf\src\FrameReflower\TableRow.php on line 33
[08-Aug-2025 08:03:58 UTC] PHP Deprecated:  Dompdf\FrameReflower\TableCell::reflow(): Implicitly marking parameter $block as nullable is deprecated, the explicit nullable type must be used instead in C:\Apache24\htdocs\omes_app\dompdf\vendor\dompdf\dompdf\src\FrameReflower\TableCell.php on line 32
[08-Aug-2025 08:03:58 UTC] PHP Deprecated:  Dompdf\FrameReflower\Image::reflow(): Implicitly marking parameter $block as nullable is deprecated, the explicit nullable type must be used instead in C:\Apache24\htdocs\omes_app\dompdf\vendor\dompdf\dompdf\src\FrameReflower\Image.php on line 33
[08-Aug-2025 08:03:58 UTC] PHP Deprecated:  Dompdf\FrameReflower\Inline::reflow(): Implicitly marking parameter $block as nullable is deprecated, the explicit nullable type must be used instead in C:\Apache24\htdocs\omes_app\dompdf\vendor\dompdf\dompdf\src\FrameReflower\Inline.php on line 77
[08-Aug-2025 08:04:30 UTC] PHP Deprecated:  Dompdf\Options::__construct(): Implicitly marking parameter $attributes as nullable is deprecated, the explicit nullable type must be used instead in C:\Apache24\htdocs\omes_app\dompdf\vendor\dompdf\dompdf\src\Options.php on line 312
[08-Aug-2025 08:04:30 UTC] PHP Deprecated:  Dompdf\FrameDecorator\AbstractFrameDecorator::reflow(): Implicitly marking parameter $block as nullable is deprecated, the explicit nullable type must be used instead in C:\Apache24\htdocs\omes_app\dompdf\vendor\dompdf\dompdf\src\FrameDecorator\AbstractFrameDecorator.php on line 908
[08-Aug-2025 08:04:30 UTC] PHP Deprecated:  Dompdf\FrameReflower\Page::reflow(): Implicitly marking parameter $block as nullable is deprecated, the explicit nullable type must be used instead in C:\Apache24\htdocs\omes_app\dompdf\vendor\dompdf\dompdf\src\FrameReflower\Page.php on line 94
[08-Aug-2025 08:04:30 UTC] PHP Deprecated:  Dompdf\FrameReflower\AbstractFrameReflower::reflow(): Implicitly marking parameter $block as nullable is deprecated, the explicit nullable type must be used instead in C:\Apache24\htdocs\omes_app\dompdf\vendor\dompdf\dompdf\src\FrameReflower\AbstractFrameReflower.php on line 290
[08-Aug-2025 08:04:30 UTC] PHP Deprecated:  Dompdf\FrameReflower\Block::reflow(): Implicitly marking parameter $block as nullable is deprecated, the explicit nullable type must be used instead in C:\Apache24\htdocs\omes_app\dompdf\vendor\dompdf\dompdf\src\FrameReflower\Block.php on line 781
[08-Aug-2025 08:04:30 UTC] PHP Deprecated:  Dompdf\FrameReflower\Text::reflow(): Implicitly marking parameter $block as nullable is deprecated, the explicit nullable type must be used instead in C:\Apache24\htdocs\omes_app\dompdf\vendor\dompdf\dompdf\src\FrameReflower\Text.php on line 377
[08-Aug-2025 08:04:30 UTC] PHP Deprecated:  Dompdf\FrameReflower\Table::reflow(): Implicitly marking parameter $block as nullable is deprecated, the explicit nullable type must be used instead in C:\Apache24\htdocs\omes_app\dompdf\vendor\dompdf\dompdf\src\FrameReflower\Table.php on line 299
[08-Aug-2025 08:04:30 UTC] PHP Deprecated:  Dompdf\FrameReflower\TableRowGroup::reflow(): Implicitly marking parameter $block as nullable is deprecated, the explicit nullable type must be used instead in C:\Apache24\htdocs\omes_app\dompdf\vendor\dompdf\dompdf\src\FrameReflower\TableRowGroup.php on line 33
[08-Aug-2025 08:04:30 UTC] PHP Deprecated:  Dompdf\FrameReflower\TableRow::reflow(): Implicitly marking parameter $block as nullable is deprecated, the explicit nullable type must be used instead in C:\Apache24\htdocs\omes_app\dompdf\vendor\dompdf\dompdf\src\FrameReflower\TableRow.php on line 33
[08-Aug-2025 08:04:30 UTC] PHP Deprecated:  Dompdf\FrameReflower\TableCell::reflow(): Implicitly marking parameter $block as nullable is deprecated, the explicit nullable type must be used instead in C:\Apache24\htdocs\omes_app\dompdf\vendor\dompdf\dompdf\src\FrameReflower\TableCell.php on line 32
[08-Aug-2025 08:04:30 UTC] PHP Deprecated:  Dompdf\FrameReflower\Image::reflow(): Implicitly marking parameter $block as nullable is deprecated, the explicit nullable type must be used instead in C:\Apache24\htdocs\omes_app\dompdf\vendor\dompdf\dompdf\src\FrameReflower\Image.php on line 33
[08-Aug-2025 08:04:30 UTC] PHP Deprecated:  Dompdf\FrameReflower\Inline::reflow(): Implicitly marking parameter $block as nullable is deprecated, the explicit nullable type must be used instead in C:\Apache24\htdocs\omes_app\dompdf\vendor\dompdf\dompdf\src\FrameReflower\Inline.php on line 77
[08-Aug-2025 08:05:08 UTC] PHP Deprecated:  Dompdf\Options::__construct(): Implicitly marking parameter $attributes as nullable is deprecated, the explicit nullable type must be used instead in C:\Apache24\htdocs\omes_app\dompdf\vendor\dompdf\dompdf\src\Options.php on line 312
[08-Aug-2025 08:05:08 UTC] PHP Deprecated:  Dompdf\FrameDecorator\AbstractFrameDecorator::reflow(): Implicitly marking parameter $block as nullable is deprecated, the explicit nullable type must be used instead in C:\Apache24\htdocs\omes_app\dompdf\vendor\dompdf\dompdf\src\FrameDecorator\AbstractFrameDecorator.php on line 908
[08-Aug-2025 08:05:08 UTC] PHP Deprecated:  Dompdf\FrameReflower\Page::reflow(): Implicitly marking parameter $block as nullable is deprecated, the explicit nullable type must be used instead in C:\Apache24\htdocs\omes_app\dompdf\vendor\dompdf\dompdf\src\FrameReflower\Page.php on line 94
[08-Aug-2025 08:05:08 UTC] PHP Deprecated:  Dompdf\FrameReflower\AbstractFrameReflower::reflow(): Implicitly marking parameter $block as nullable is deprecated, the explicit nullable type must be used instead in C:\Apache24\htdocs\omes_app\dompdf\vendor\dompdf\dompdf\src\FrameReflower\AbstractFrameReflower.php on line 290
[08-Aug-2025 08:05:08 UTC] PHP Deprecated:  Dompdf\FrameReflower\Block::reflow(): Implicitly marking parameter $block as nullable is deprecated, the explicit nullable type must be used instead in C:\Apache24\htdocs\omes_app\dompdf\vendor\dompdf\dompdf\src\FrameReflower\Block.php on line 781
[08-Aug-2025 08:05:08 UTC] PHP Deprecated:  Dompdf\FrameReflower\Text::reflow(): Implicitly marking parameter $block as nullable is deprecated, the explicit nullable type must be used instead in C:\Apache24\htdocs\omes_app\dompdf\vendor\dompdf\dompdf\src\FrameReflower\Text.php on line 377
[08-Aug-2025 08:05:08 UTC] PHP Deprecated:  Dompdf\FrameReflower\Table::reflow(): Implicitly marking parameter $block as nullable is deprecated, the explicit nullable type must be used instead in C:\Apache24\htdocs\omes_app\dompdf\vendor\dompdf\dompdf\src\FrameReflower\Table.php on line 299
[08-Aug-2025 08:05:08 UTC] PHP Deprecated:  Dompdf\FrameReflower\TableRowGroup::reflow(): Implicitly marking parameter $block as nullable is deprecated, the explicit nullable type must be used instead in C:\Apache24\htdocs\omes_app\dompdf\vendor\dompdf\dompdf\src\FrameReflower\TableRowGroup.php on line 33
[08-Aug-2025 08:05:08 UTC] PHP Deprecated:  Dompdf\FrameReflower\TableRow::reflow(): Implicitly marking parameter $block as nullable is deprecated, the explicit nullable type must be used instead in C:\Apache24\htdocs\omes_app\dompdf\vendor\dompdf\dompdf\src\FrameReflower\TableRow.php on line 33
[08-Aug-2025 08:05:08 UTC] PHP Deprecated:  Dompdf\FrameReflower\TableCell::reflow(): Implicitly marking parameter $block as nullable is deprecated, the explicit nullable type must be used instead in C:\Apache24\htdocs\omes_app\dompdf\vendor\dompdf\dompdf\src\FrameReflower\TableCell.php on line 32
[08-Aug-2025 08:05:08 UTC] PHP Deprecated:  Dompdf\FrameReflower\Image::reflow(): Implicitly marking parameter $block as nullable is deprecated, the explicit nullable type must be used instead in C:\Apache24\htdocs\omes_app\dompdf\vendor\dompdf\dompdf\src\FrameReflower\Image.php on line 33
[08-Aug-2025 08:05:08 UTC] PHP Deprecated:  Dompdf\FrameReflower\Inline::reflow(): Implicitly marking parameter $block as nullable is deprecated, the explicit nullable type must be used instead in C:\Apache24\htdocs\omes_app\dompdf\vendor\dompdf\dompdf\src\FrameReflower\Inline.php on line 77
[08-Aug-2025 08:05:29 UTC] PHP Deprecated:  Dompdf\Options::__construct(): Implicitly marking parameter $attributes as nullable is deprecated, the explicit nullable type must be used instead in C:\Apache24\htdocs\omes_app\dompdf\vendor\dompdf\dompdf\src\Options.php on line 312
[08-Aug-2025 08:05:30 UTC] PHP Deprecated:  Dompdf\FrameDecorator\AbstractFrameDecorator::reflow(): Implicitly marking parameter $block as nullable is deprecated, the explicit nullable type must be used instead in C:\Apache24\htdocs\omes_app\dompdf\vendor\dompdf\dompdf\src\FrameDecorator\AbstractFrameDecorator.php on line 908
[08-Aug-2025 08:05:30 UTC] PHP Deprecated:  Dompdf\FrameReflower\Page::reflow(): Implicitly marking parameter $block as nullable is deprecated, the explicit nullable type must be used instead in C:\Apache24\htdocs\omes_app\dompdf\vendor\dompdf\dompdf\src\FrameReflower\Page.php on line 94
[08-Aug-2025 08:05:30 UTC] PHP Deprecated:  Dompdf\FrameReflower\AbstractFrameReflower::reflow(): Implicitly marking parameter $block as nullable is deprecated, the explicit nullable type must be used instead in C:\Apache24\htdocs\omes_app\dompdf\vendor\dompdf\dompdf\src\FrameReflower\AbstractFrameReflower.php on line 290
[08-Aug-2025 08:05:30 UTC] PHP Deprecated:  Dompdf\FrameReflower\Block::reflow(): Implicitly marking parameter $block as nullable is deprecated, the explicit nullable type must be used instead in C:\Apache24\htdocs\omes_app\dompdf\vendor\dompdf\dompdf\src\FrameReflower\Block.php on line 781
[08-Aug-2025 08:05:30 UTC] PHP Deprecated:  Dompdf\FrameReflower\Text::reflow(): Implicitly marking parameter $block as nullable is deprecated, the explicit nullable type must be used instead in C:\Apache24\htdocs\omes_app\dompdf\vendor\dompdf\dompdf\src\FrameReflower\Text.php on line 377
[08-Aug-2025 08:05:30 UTC] PHP Deprecated:  Dompdf\FrameReflower\Table::reflow(): Implicitly marking parameter $block as nullable is deprecated, the explicit nullable type must be used instead in C:\Apache24\htdocs\omes_app\dompdf\vendor\dompdf\dompdf\src\FrameReflower\Table.php on line 299
[08-Aug-2025 08:05:30 UTC] PHP Deprecated:  Dompdf\FrameReflower\TableRowGroup::reflow(): Implicitly marking parameter $block as nullable is deprecated, the explicit nullable type must be used instead in C:\Apache24\htdocs\omes_app\dompdf\vendor\dompdf\dompdf\src\FrameReflower\TableRowGroup.php on line 33
[08-Aug-2025 08:05:30 UTC] PHP Deprecated:  Dompdf\FrameReflower\TableRow::reflow(): Implicitly marking parameter $block as nullable is deprecated, the explicit nullable type must be used instead in C:\Apache24\htdocs\omes_app\dompdf\vendor\dompdf\dompdf\src\FrameReflower\TableRow.php on line 33
[08-Aug-2025 08:05:30 UTC] PHP Deprecated:  Dompdf\FrameReflower\TableCell::reflow(): Implicitly marking parameter $block as nullable is deprecated, the explicit nullable type must be used instead in C:\Apache24\htdocs\omes_app\dompdf\vendor\dompdf\dompdf\src\FrameReflower\TableCell.php on line 32
[08-Aug-2025 08:05:30 UTC] PHP Deprecated:  Dompdf\FrameReflower\Image::reflow(): Implicitly marking parameter $block as nullable is deprecated, the explicit nullable type must be used instead in C:\Apache24\htdocs\omes_app\dompdf\vendor\dompdf\dompdf\src\FrameReflower\Image.php on line 33
[08-Aug-2025 08:05:30 UTC] PHP Deprecated:  Dompdf\FrameReflower\Inline::reflow(): Implicitly marking parameter $block as nullable is deprecated, the explicit nullable type must be used instead in C:\Apache24\htdocs\omes_app\dompdf\vendor\dompdf\dompdf\src\FrameReflower\Inline.php on line 77
[08-Aug-2025 08:05:37 UTC] PHP Deprecated:  Dompdf\Options::__construct(): Implicitly marking parameter $attributes as nullable is deprecated, the explicit nullable type must be used instead in C:\Apache24\htdocs\omes_app\dompdf\vendor\dompdf\dompdf\src\Options.php on line 312
[08-Aug-2025 08:05:37 UTC] PHP Deprecated:  Dompdf\FrameDecorator\AbstractFrameDecorator::reflow(): Implicitly marking parameter $block as nullable is deprecated, the explicit nullable type must be used instead in C:\Apache24\htdocs\omes_app\dompdf\vendor\dompdf\dompdf\src\FrameDecorator\AbstractFrameDecorator.php on line 908
[08-Aug-2025 08:05:37 UTC] PHP Deprecated:  Dompdf\FrameReflower\Page::reflow(): Implicitly marking parameter $block as nullable is deprecated, the explicit nullable type must be used instead in C:\Apache24\htdocs\omes_app\dompdf\vendor\dompdf\dompdf\src\FrameReflower\Page.php on line 94
[08-Aug-2025 08:05:37 UTC] PHP Deprecated:  Dompdf\FrameReflower\AbstractFrameReflower::reflow(): Implicitly marking parameter $block as nullable is deprecated, the explicit nullable type must be used instead in C:\Apache24\htdocs\omes_app\dompdf\vendor\dompdf\dompdf\src\FrameReflower\AbstractFrameReflower.php on line 290
[08-Aug-2025 08:05:37 UTC] PHP Deprecated:  Dompdf\FrameReflower\Block::reflow(): Implicitly marking parameter $block as nullable is deprecated, the explicit nullable type must be used instead in C:\Apache24\htdocs\omes_app\dompdf\vendor\dompdf\dompdf\src\FrameReflower\Block.php on line 781
[08-Aug-2025 08:05:37 UTC] PHP Deprecated:  Dompdf\FrameReflower\Text::reflow(): Implicitly marking parameter $block as nullable is deprecated, the explicit nullable type must be used instead in C:\Apache24\htdocs\omes_app\dompdf\vendor\dompdf\dompdf\src\FrameReflower\Text.php on line 377
[08-Aug-2025 08:05:37 UTC] PHP Deprecated:  Dompdf\FrameReflower\Table::reflow(): Implicitly marking parameter $block as nullable is deprecated, the explicit nullable type must be used instead in C:\Apache24\htdocs\omes_app\dompdf\vendor\dompdf\dompdf\src\FrameReflower\Table.php on line 299
[08-Aug-2025 08:05:37 UTC] PHP Deprecated:  Dompdf\FrameReflower\TableRowGroup::reflow(): Implicitly marking parameter $block as nullable is deprecated, the explicit nullable type must be used instead in C:\Apache24\htdocs\omes_app\dompdf\vendor\dompdf\dompdf\src\FrameReflower\TableRowGroup.php on line 33
[08-Aug-2025 08:05:37 UTC] PHP Deprecated:  Dompdf\FrameReflower\TableRow::reflow(): Implicitly marking parameter $block as nullable is deprecated, the explicit nullable type must be used instead in C:\Apache24\htdocs\omes_app\dompdf\vendor\dompdf\dompdf\src\FrameReflower\TableRow.php on line 33
[08-Aug-2025 08:05:37 UTC] PHP Deprecated:  Dompdf\FrameReflower\TableCell::reflow(): Implicitly marking parameter $block as nullable is deprecated, the explicit nullable type must be used instead in C:\Apache24\htdocs\omes_app\dompdf\vendor\dompdf\dompdf\src\FrameReflower\TableCell.php on line 32
[08-Aug-2025 08:05:37 UTC] PHP Deprecated:  Dompdf\FrameReflower\Image::reflow(): Implicitly marking parameter $block as nullable is deprecated, the explicit nullable type must be used instead in C:\Apache24\htdocs\omes_app\dompdf\vendor\dompdf\dompdf\src\FrameReflower\Image.php on line 33
[08-Aug-2025 08:05:37 UTC] PHP Deprecated:  Dompdf\FrameReflower\Inline::reflow(): Implicitly marking parameter $block as nullable is deprecated, the explicit nullable type must be used instead in C:\Apache24\htdocs\omes_app\dompdf\vendor\dompdf\dompdf\src\FrameReflower\Inline.php on line 77
[08-Aug-2025 08:05:43 UTC] PHP Deprecated:  Dompdf\Options::__construct(): Implicitly marking parameter $attributes as nullable is deprecated, the explicit nullable type must be used instead in C:\Apache24\htdocs\omes_app\dompdf\vendor\dompdf\dompdf\src\Options.php on line 312
[08-Aug-2025 08:05:44 UTC] PHP Deprecated:  Dompdf\FrameDecorator\AbstractFrameDecorator::reflow(): Implicitly marking parameter $block as nullable is deprecated, the explicit nullable type must be used instead in C:\Apache24\htdocs\omes_app\dompdf\vendor\dompdf\dompdf\src\FrameDecorator\AbstractFrameDecorator.php on line 908
[08-Aug-2025 08:05:44 UTC] PHP Deprecated:  Dompdf\FrameReflower\Page::reflow(): Implicitly marking parameter $block as nullable is deprecated, the explicit nullable type must be used instead in C:\Apache24\htdocs\omes_app\dompdf\vendor\dompdf\dompdf\src\FrameReflower\Page.php on line 94
[08-Aug-2025 08:05:44 UTC] PHP Deprecated:  Dompdf\FrameReflower\AbstractFrameReflower::reflow(): Implicitly marking parameter $block as nullable is deprecated, the explicit nullable type must be used instead in C:\Apache24\htdocs\omes_app\dompdf\vendor\dompdf\dompdf\src\FrameReflower\AbstractFrameReflower.php on line 290
[08-Aug-2025 08:05:44 UTC] PHP Deprecated:  Dompdf\FrameReflower\Block::reflow(): Implicitly marking parameter $block as nullable is deprecated, the explicit nullable type must be used instead in C:\Apache24\htdocs\omes_app\dompdf\vendor\dompdf\dompdf\src\FrameReflower\Block.php on line 781
[08-Aug-2025 08:05:44 UTC] PHP Deprecated:  Dompdf\FrameReflower\Text::reflow(): Implicitly marking parameter $block as nullable is deprecated, the explicit nullable type must be used instead in C:\Apache24\htdocs\omes_app\dompdf\vendor\dompdf\dompdf\src\FrameReflower\Text.php on line 377
[08-Aug-2025 08:05:44 UTC] PHP Deprecated:  Dompdf\FrameReflower\Table::reflow(): Implicitly marking parameter $block as nullable is deprecated, the explicit nullable type must be used instead in C:\Apache24\htdocs\omes_app\dompdf\vendor\dompdf\dompdf\src\FrameReflower\Table.php on line 299
[08-Aug-2025 08:05:44 UTC] PHP Deprecated:  Dompdf\FrameReflower\TableRowGroup::reflow(): Implicitly marking parameter $block as nullable is deprecated, the explicit nullable type must be used instead in C:\Apache24\htdocs\omes_app\dompdf\vendor\dompdf\dompdf\src\FrameReflower\TableRowGroup.php on line 33
[08-Aug-2025 08:05:44 UTC] PHP Deprecated:  Dompdf\FrameReflower\TableRow::reflow(): Implicitly marking parameter $block as nullable is deprecated, the explicit nullable type must be used instead in C:\Apache24\htdocs\omes_app\dompdf\vendor\dompdf\dompdf\src\FrameReflower\TableRow.php on line 33
[08-Aug-2025 08:05:44 UTC] PHP Deprecated:  Dompdf\FrameReflower\TableCell::reflow(): Implicitly marking parameter $block as nullable is deprecated, the explicit nullable type must be used instead in C:\Apache24\htdocs\omes_app\dompdf\vendor\dompdf\dompdf\src\FrameReflower\TableCell.php on line 32
[08-Aug-2025 08:05:44 UTC] PHP Deprecated:  Dompdf\FrameReflower\Image::reflow(): Implicitly marking parameter $block as nullable is deprecated, the explicit nullable type must be used instead in C:\Apache24\htdocs\omes_app\dompdf\vendor\dompdf\dompdf\src\FrameReflower\Image.php on line 33
[08-Aug-2025 08:05:44 UTC] PHP Deprecated:  Dompdf\FrameReflower\Inline::reflow(): Implicitly marking parameter $block as nullable is deprecated, the explicit nullable type must be used instead in C:\Apache24\htdocs\omes_app\dompdf\vendor\dompdf\dompdf\src\FrameReflower\Inline.php on line 77
[08-Aug-2025 08:05:50 UTC] PHP Deprecated:  Dompdf\Options::__construct(): Implicitly marking parameter $attributes as nullable is deprecated, the explicit nullable type must be used instead in C:\Apache24\htdocs\omes_app\dompdf\vendor\dompdf\dompdf\src\Options.php on line 312
[08-Aug-2025 08:05:50 UTC] PHP Deprecated:  Dompdf\FrameDecorator\AbstractFrameDecorator::reflow(): Implicitly marking parameter $block as nullable is deprecated, the explicit nullable type must be used instead in C:\Apache24\htdocs\omes_app\dompdf\vendor\dompdf\dompdf\src\FrameDecorator\AbstractFrameDecorator.php on line 908
[08-Aug-2025 08:05:50 UTC] PHP Deprecated:  Dompdf\FrameReflower\Page::reflow(): Implicitly marking parameter $block as nullable is deprecated, the explicit nullable type must be used instead in C:\Apache24\htdocs\omes_app\dompdf\vendor\dompdf\dompdf\src\FrameReflower\Page.php on line 94
[08-Aug-2025 08:05:50 UTC] PHP Deprecated:  Dompdf\FrameReflower\AbstractFrameReflower::reflow(): Implicitly marking parameter $block as nullable is deprecated, the explicit nullable type must be used instead in C:\Apache24\htdocs\omes_app\dompdf\vendor\dompdf\dompdf\src\FrameReflower\AbstractFrameReflower.php on line 290
[08-Aug-2025 08:05:50 UTC] PHP Deprecated:  Dompdf\FrameReflower\Block::reflow(): Implicitly marking parameter $block as nullable is deprecated, the explicit nullable type must be used instead in C:\Apache24\htdocs\omes_app\dompdf\vendor\dompdf\dompdf\src\FrameReflower\Block.php on line 781
[08-Aug-2025 08:05:50 UTC] PHP Deprecated:  Dompdf\FrameReflower\Text::reflow(): Implicitly marking parameter $block as nullable is deprecated, the explicit nullable type must be used instead in C:\Apache24\htdocs\omes_app\dompdf\vendor\dompdf\dompdf\src\FrameReflower\Text.php on line 377
[08-Aug-2025 08:05:50 UTC] PHP Deprecated:  Dompdf\FrameReflower\Table::reflow(): Implicitly marking parameter $block as nullable is deprecated, the explicit nullable type must be used instead in C:\Apache24\htdocs\omes_app\dompdf\vendor\dompdf\dompdf\src\FrameReflower\Table.php on line 299
[08-Aug-2025 08:05:50 UTC] PHP Deprecated:  Dompdf\FrameReflower\TableRowGroup::reflow(): Implicitly marking parameter $block as nullable is deprecated, the explicit nullable type must be used instead in C:\Apache24\htdocs\omes_app\dompdf\vendor\dompdf\dompdf\src\FrameReflower\TableRowGroup.php on line 33
[08-Aug-2025 08:05:50 UTC] PHP Deprecated:  Dompdf\FrameReflower\TableRow::reflow(): Implicitly marking parameter $block as nullable is deprecated, the explicit nullable type must be used instead in C:\Apache24\htdocs\omes_app\dompdf\vendor\dompdf\dompdf\src\FrameReflower\TableRow.php on line 33
[08-Aug-2025 08:05:50 UTC] PHP Deprecated:  Dompdf\FrameReflower\TableCell::reflow(): Implicitly marking parameter $block as nullable is deprecated, the explicit nullable type must be used instead in C:\Apache24\htdocs\omes_app\dompdf\vendor\dompdf\dompdf\src\FrameReflower\TableCell.php on line 32
[08-Aug-2025 08:05:50 UTC] PHP Deprecated:  Dompdf\FrameReflower\Image::reflow(): Implicitly marking parameter $block as nullable is deprecated, the explicit nullable type must be used instead in C:\Apache24\htdocs\omes_app\dompdf\vendor\dompdf\dompdf\src\FrameReflower\Image.php on line 33
[08-Aug-2025 08:05:50 UTC] PHP Deprecated:  Dompdf\FrameReflower\Inline::reflow(): Implicitly marking parameter $block as nullable is deprecated, the explicit nullable type must be used instead in C:\Apache24\htdocs\omes_app\dompdf\vendor\dompdf\dompdf\src\FrameReflower\Inline.php on line 77
[08-Aug-2025 08:05:55 UTC] PHP Deprecated:  Dompdf\Options::__construct(): Implicitly marking parameter $attributes as nullable is deprecated, the explicit nullable type must be used instead in C:\Apache24\htdocs\omes_app\dompdf\vendor\dompdf\dompdf\src\Options.php on line 312
[08-Aug-2025 08:05:56 UTC] PHP Deprecated:  Dompdf\FrameDecorator\AbstractFrameDecorator::reflow(): Implicitly marking parameter $block as nullable is deprecated, the explicit nullable type must be used instead in C:\Apache24\htdocs\omes_app\dompdf\vendor\dompdf\dompdf\src\FrameDecorator\AbstractFrameDecorator.php on line 908
[08-Aug-2025 08:05:56 UTC] PHP Deprecated:  Dompdf\FrameReflower\Page::reflow(): Implicitly marking parameter $block as nullable is deprecated, the explicit nullable type must be used instead in C:\Apache24\htdocs\omes_app\dompdf\vendor\dompdf\dompdf\src\FrameReflower\Page.php on line 94
[08-Aug-2025 08:05:56 UTC] PHP Deprecated:  Dompdf\FrameReflower\AbstractFrameReflower::reflow(): Implicitly marking parameter $block as nullable is deprecated, the explicit nullable type must be used instead in C:\Apache24\htdocs\omes_app\dompdf\vendor\dompdf\dompdf\src\FrameReflower\AbstractFrameReflower.php on line 290
[08-Aug-2025 08:05:56 UTC] PHP Deprecated:  Dompdf\FrameReflower\Block::reflow(): Implicitly marking parameter $block as nullable is deprecated, the explicit nullable type must be used instead in C:\Apache24\htdocs\omes_app\dompdf\vendor\dompdf\dompdf\src\FrameReflower\Block.php on line 781
[08-Aug-2025 08:05:56 UTC] PHP Deprecated:  Dompdf\FrameReflower\Text::reflow(): Implicitly marking parameter $block as nullable is deprecated, the explicit nullable type must be used instead in C:\Apache24\htdocs\omes_app\dompdf\vendor\dompdf\dompdf\src\FrameReflower\Text.php on line 377
[08-Aug-2025 08:05:56 UTC] PHP Deprecated:  Dompdf\FrameReflower\Table::reflow(): Implicitly marking parameter $block as nullable is deprecated, the explicit nullable type must be used instead in C:\Apache24\htdocs\omes_app\dompdf\vendor\dompdf\dompdf\src\FrameReflower\Table.php on line 299
[08-Aug-2025 08:05:56 UTC] PHP Deprecated:  Dompdf\FrameReflower\TableRowGroup::reflow(): Implicitly marking parameter $block as nullable is deprecated, the explicit nullable type must be used instead in C:\Apache24\htdocs\omes_app\dompdf\vendor\dompdf\dompdf\src\FrameReflower\TableRowGroup.php on line 33
[08-Aug-2025 08:05:56 UTC] PHP Deprecated:  Dompdf\FrameReflower\TableRow::reflow(): Implicitly marking parameter $block as nullable is deprecated, the explicit nullable type must be used instead in C:\Apache24\htdocs\omes_app\dompdf\vendor\dompdf\dompdf\src\FrameReflower\TableRow.php on line 33
[08-Aug-2025 08:05:56 UTC] PHP Deprecated:  Dompdf\FrameReflower\TableCell::reflow(): Implicitly marking parameter $block as nullable is deprecated, the explicit nullable type must be used instead in C:\Apache24\htdocs\omes_app\dompdf\vendor\dompdf\dompdf\src\FrameReflower\TableCell.php on line 32
[08-Aug-2025 08:05:56 UTC] PHP Deprecated:  Dompdf\FrameReflower\Image::reflow(): Implicitly marking parameter $block as nullable is deprecated, the explicit nullable type must be used instead in C:\Apache24\htdocs\omes_app\dompdf\vendor\dompdf\dompdf\src\FrameReflower\Image.php on line 33
[08-Aug-2025 08:05:56 UTC] PHP Deprecated:  Dompdf\FrameReflower\Inline::reflow(): Implicitly marking parameter $block as nullable is deprecated, the explicit nullable type must be used instead in C:\Apache24\htdocs\omes_app\dompdf\vendor\dompdf\dompdf\src\FrameReflower\Inline.php on line 77
[08-Aug-2025 08:06:19 UTC] PHP Deprecated:  Dompdf\Options::__construct(): Implicitly marking parameter $attributes as nullable is deprecated, the explicit nullable type must be used instead in C:\Apache24\htdocs\omes_app\dompdf\vendor\dompdf\dompdf\src\Options.php on line 312
[08-Aug-2025 08:06:19 UTC] PHP Deprecated:  Dompdf\FrameDecorator\AbstractFrameDecorator::reflow(): Implicitly marking parameter $block as nullable is deprecated, the explicit nullable type must be used instead in C:\Apache24\htdocs\omes_app\dompdf\vendor\dompdf\dompdf\src\FrameDecorator\AbstractFrameDecorator.php on line 908
[08-Aug-2025 08:06:19 UTC] PHP Deprecated:  Dompdf\FrameReflower\Page::reflow(): Implicitly marking parameter $block as nullable is deprecated, the explicit nullable type must be used instead in C:\Apache24\htdocs\omes_app\dompdf\vendor\dompdf\dompdf\src\FrameReflower\Page.php on line 94
[08-Aug-2025 08:06:19 UTC] PHP Deprecated:  Dompdf\FrameReflower\AbstractFrameReflower::reflow(): Implicitly marking parameter $block as nullable is deprecated, the explicit nullable type must be used instead in C:\Apache24\htdocs\omes_app\dompdf\vendor\dompdf\dompdf\src\FrameReflower\AbstractFrameReflower.php on line 290
[08-Aug-2025 08:06:19 UTC] PHP Deprecated:  Dompdf\FrameReflower\Block::reflow(): Implicitly marking parameter $block as nullable is deprecated, the explicit nullable type must be used instead in C:\Apache24\htdocs\omes_app\dompdf\vendor\dompdf\dompdf\src\FrameReflower\Block.php on line 781
[08-Aug-2025 08:06:19 UTC] PHP Deprecated:  Dompdf\FrameReflower\Text::reflow(): Implicitly marking parameter $block as nullable is deprecated, the explicit nullable type must be used instead in C:\Apache24\htdocs\omes_app\dompdf\vendor\dompdf\dompdf\src\FrameReflower\Text.php on line 377
[08-Aug-2025 08:06:19 UTC] PHP Deprecated:  Dompdf\FrameReflower\Table::reflow(): Implicitly marking parameter $block as nullable is deprecated, the explicit nullable type must be used instead in C:\Apache24\htdocs\omes_app\dompdf\vendor\dompdf\dompdf\src\FrameReflower\Table.php on line 299
[08-Aug-2025 08:06:19 UTC] PHP Deprecated:  Dompdf\FrameReflower\TableRowGroup::reflow(): Implicitly marking parameter $block as nullable is deprecated, the explicit nullable type must be used instead in C:\Apache24\htdocs\omes_app\dompdf\vendor\dompdf\dompdf\src\FrameReflower\TableRowGroup.php on line 33
[08-Aug-2025 08:06:19 UTC] PHP Deprecated:  Dompdf\FrameReflower\TableRow::reflow(): Implicitly marking parameter $block as nullable is deprecated, the explicit nullable type must be used instead in C:\Apache24\htdocs\omes_app\dompdf\vendor\dompdf\dompdf\src\FrameReflower\TableRow.php on line 33
[08-Aug-2025 08:06:19 UTC] PHP Deprecated:  Dompdf\FrameReflower\TableCell::reflow(): Implicitly marking parameter $block as nullable is deprecated, the explicit nullable type must be used instead in C:\Apache24\htdocs\omes_app\dompdf\vendor\dompdf\dompdf\src\FrameReflower\TableCell.php on line 32
[08-Aug-2025 08:06:19 UTC] PHP Deprecated:  Dompdf\FrameReflower\Image::reflow(): Implicitly marking parameter $block as nullable is deprecated, the explicit nullable type must be used instead in C:\Apache24\htdocs\omes_app\dompdf\vendor\dompdf\dompdf\src\FrameReflower\Image.php on line 33
[08-Aug-2025 08:06:19 UTC] PHP Deprecated:  Dompdf\FrameReflower\Inline::reflow(): Implicitly marking parameter $block as nullable is deprecated, the explicit nullable type must be used instead in C:\Apache24\htdocs\omes_app\dompdf\vendor\dompdf\dompdf\src\FrameReflower\Inline.php on line 77
[08-Aug-2025 08:06:37 UTC] PHP Deprecated:  Dompdf\Options::__construct(): Implicitly marking parameter $attributes as nullable is deprecated, the explicit nullable type must be used instead in C:\Apache24\htdocs\omes_app\dompdf\vendor\dompdf\dompdf\src\Options.php on line 312
[08-Aug-2025 08:06:37 UTC] PHP Deprecated:  Dompdf\FrameDecorator\AbstractFrameDecorator::reflow(): Implicitly marking parameter $block as nullable is deprecated, the explicit nullable type must be used instead in C:\Apache24\htdocs\omes_app\dompdf\vendor\dompdf\dompdf\src\FrameDecorator\AbstractFrameDecorator.php on line 908
[08-Aug-2025 08:06:37 UTC] PHP Deprecated:  Dompdf\FrameReflower\Page::reflow(): Implicitly marking parameter $block as nullable is deprecated, the explicit nullable type must be used instead in C:\Apache24\htdocs\omes_app\dompdf\vendor\dompdf\dompdf\src\FrameReflower\Page.php on line 94
[08-Aug-2025 08:06:37 UTC] PHP Deprecated:  Dompdf\FrameReflower\AbstractFrameReflower::reflow(): Implicitly marking parameter $block as nullable is deprecated, the explicit nullable type must be used instead in C:\Apache24\htdocs\omes_app\dompdf\vendor\dompdf\dompdf\src\FrameReflower\AbstractFrameReflower.php on line 290
[08-Aug-2025 08:06:37 UTC] PHP Deprecated:  Dompdf\FrameReflower\Block::reflow(): Implicitly marking parameter $block as nullable is deprecated, the explicit nullable type must be used instead in C:\Apache24\htdocs\omes_app\dompdf\vendor\dompdf\dompdf\src\FrameReflower\Block.php on line 781
[08-Aug-2025 08:06:37 UTC] PHP Deprecated:  Dompdf\FrameReflower\Text::reflow(): Implicitly marking parameter $block as nullable is deprecated, the explicit nullable type must be used instead in C:\Apache24\htdocs\omes_app\dompdf\vendor\dompdf\dompdf\src\FrameReflower\Text.php on line 377
[08-Aug-2025 08:06:37 UTC] PHP Deprecated:  Dompdf\FrameReflower\Table::reflow(): Implicitly marking parameter $block as nullable is deprecated, the explicit nullable type must be used instead in C:\Apache24\htdocs\omes_app\dompdf\vendor\dompdf\dompdf\src\FrameReflower\Table.php on line 299
[08-Aug-2025 08:06:37 UTC] PHP Deprecated:  Dompdf\FrameReflower\TableRowGroup::reflow(): Implicitly marking parameter $block as nullable is deprecated, the explicit nullable type must be used instead in C:\Apache24\htdocs\omes_app\dompdf\vendor\dompdf\dompdf\src\FrameReflower\TableRowGroup.php on line 33
[08-Aug-2025 08:06:37 UTC] PHP Deprecated:  Dompdf\FrameReflower\TableRow::reflow(): Implicitly marking parameter $block as nullable is deprecated, the explicit nullable type must be used instead in C:\Apache24\htdocs\omes_app\dompdf\vendor\dompdf\dompdf\src\FrameReflower\TableRow.php on line 33
[08-Aug-2025 08:06:37 UTC] PHP Deprecated:  Dompdf\FrameReflower\TableCell::reflow(): Implicitly marking parameter $block as nullable is deprecated, the explicit nullable type must be used instead in C:\Apache24\htdocs\omes_app\dompdf\vendor\dompdf\dompdf\src\FrameReflower\TableCell.php on line 32
[08-Aug-2025 08:06:37 UTC] PHP Deprecated:  Dompdf\FrameReflower\Image::reflow(): Implicitly marking parameter $block as nullable is deprecated, the explicit nullable type must be used instead in C:\Apache24\htdocs\omes_app\dompdf\vendor\dompdf\dompdf\src\FrameReflower\Image.php on line 33
[08-Aug-2025 08:06:37 UTC] PHP Deprecated:  Dompdf\FrameReflower\Inline::reflow(): Implicitly marking parameter $block as nullable is deprecated, the explicit nullable type must be used instead in C:\Apache24\htdocs\omes_app\dompdf\vendor\dompdf\dompdf\src\FrameReflower\Inline.php on line 77
[08-Aug-2025 08:06:55 UTC] PHP Deprecated:  Dompdf\Options::__construct(): Implicitly marking parameter $attributes as nullable is deprecated, the explicit nullable type must be used instead in C:\Apache24\htdocs\omes_app\dompdf\vendor\dompdf\dompdf\src\Options.php on line 312
[08-Aug-2025 08:06:55 UTC] PHP Deprecated:  Dompdf\FrameDecorator\AbstractFrameDecorator::reflow(): Implicitly marking parameter $block as nullable is deprecated, the explicit nullable type must be used instead in C:\Apache24\htdocs\omes_app\dompdf\vendor\dompdf\dompdf\src\FrameDecorator\AbstractFrameDecorator.php on line 908
[08-Aug-2025 08:06:55 UTC] PHP Deprecated:  Dompdf\FrameReflower\Page::reflow(): Implicitly marking parameter $block as nullable is deprecated, the explicit nullable type must be used instead in C:\Apache24\htdocs\omes_app\dompdf\vendor\dompdf\dompdf\src\FrameReflower\Page.php on line 94
[08-Aug-2025 08:06:55 UTC] PHP Deprecated:  Dompdf\FrameReflower\AbstractFrameReflower::reflow(): Implicitly marking parameter $block as nullable is deprecated, the explicit nullable type must be used instead in C:\Apache24\htdocs\omes_app\dompdf\vendor\dompdf\dompdf\src\FrameReflower\AbstractFrameReflower.php on line 290
[08-Aug-2025 08:06:55 UTC] PHP Deprecated:  Dompdf\FrameReflower\Block::reflow(): Implicitly marking parameter $block as nullable is deprecated, the explicit nullable type must be used instead in C:\Apache24\htdocs\omes_app\dompdf\vendor\dompdf\dompdf\src\FrameReflower\Block.php on line 781
[08-Aug-2025 08:06:56 UTC] PHP Deprecated:  Dompdf\FrameReflower\Text::reflow(): Implicitly marking parameter $block as nullable is deprecated, the explicit nullable type must be used instead in C:\Apache24\htdocs\omes_app\dompdf\vendor\dompdf\dompdf\src\FrameReflower\Text.php on line 377
[08-Aug-2025 08:06:56 UTC] PHP Deprecated:  Dompdf\FrameReflower\Table::reflow(): Implicitly marking parameter $block as nullable is deprecated, the explicit nullable type must be used instead in C:\Apache24\htdocs\omes_app\dompdf\vendor\dompdf\dompdf\src\FrameReflower\Table.php on line 299
[08-Aug-2025 08:06:56 UTC] PHP Deprecated:  Dompdf\FrameReflower\TableRowGroup::reflow(): Implicitly marking parameter $block as nullable is deprecated, the explicit nullable type must be used instead in C:\Apache24\htdocs\omes_app\dompdf\vendor\dompdf\dompdf\src\FrameReflower\TableRowGroup.php on line 33
[08-Aug-2025 08:06:56 UTC] PHP Deprecated:  Dompdf\FrameReflower\TableRow::reflow(): Implicitly marking parameter $block as nullable is deprecated, the explicit nullable type must be used instead in C:\Apache24\htdocs\omes_app\dompdf\vendor\dompdf\dompdf\src\FrameReflower\TableRow.php on line 33
[08-Aug-2025 08:06:56 UTC] PHP Deprecated:  Dompdf\FrameReflower\TableCell::reflow(): Implicitly marking parameter $block as nullable is deprecated, the explicit nullable type must be used instead in C:\Apache24\htdocs\omes_app\dompdf\vendor\dompdf\dompdf\src\FrameReflower\TableCell.php on line 32
[08-Aug-2025 08:06:56 UTC] PHP Deprecated:  Dompdf\FrameReflower\Image::reflow(): Implicitly marking parameter $block as nullable is deprecated, the explicit nullable type must be used instead in C:\Apache24\htdocs\omes_app\dompdf\vendor\dompdf\dompdf\src\FrameReflower\Image.php on line 33
[08-Aug-2025 08:06:56 UTC] PHP Deprecated:  Dompdf\FrameReflower\Inline::reflow(): Implicitly marking parameter $block as nullable is deprecated, the explicit nullable type must be used instead in C:\Apache24\htdocs\omes_app\dompdf\vendor\dompdf\dompdf\src\FrameReflower\Inline.php on line 77
[08-Aug-2025 08:07:12 UTC] PHP Deprecated:  Dompdf\Options::__construct(): Implicitly marking parameter $attributes as nullable is deprecated, the explicit nullable type must be used instead in C:\Apache24\htdocs\omes_app\dompdf\vendor\dompdf\dompdf\src\Options.php on line 312
[08-Aug-2025 08:07:12 UTC] PHP Deprecated:  Dompdf\FrameDecorator\AbstractFrameDecorator::reflow(): Implicitly marking parameter $block as nullable is deprecated, the explicit nullable type must be used instead in C:\Apache24\htdocs\omes_app\dompdf\vendor\dompdf\dompdf\src\FrameDecorator\AbstractFrameDecorator.php on line 908
[08-Aug-2025 08:07:12 UTC] PHP Deprecated:  Dompdf\FrameReflower\Page::reflow(): Implicitly marking parameter $block as nullable is deprecated, the explicit nullable type must be used instead in C:\Apache24\htdocs\omes_app\dompdf\vendor\dompdf\dompdf\src\FrameReflower\Page.php on line 94
[08-Aug-2025 08:07:12 UTC] PHP Deprecated:  Dompdf\FrameReflower\AbstractFrameReflower::reflow(): Implicitly marking parameter $block as nullable is deprecated, the explicit nullable type must be used instead in C:\Apache24\htdocs\omes_app\dompdf\vendor\dompdf\dompdf\src\FrameReflower\AbstractFrameReflower.php on line 290
[08-Aug-2025 08:07:12 UTC] PHP Deprecated:  Dompdf\FrameReflower\Block::reflow(): Implicitly marking parameter $block as nullable is deprecated, the explicit nullable type must be used instead in C:\Apache24\htdocs\omes_app\dompdf\vendor\dompdf\dompdf\src\FrameReflower\Block.php on line 781
[08-Aug-2025 08:07:12 UTC] PHP Deprecated:  Dompdf\FrameReflower\Text::reflow(): Implicitly marking parameter $block as nullable is deprecated, the explicit nullable type must be used instead in C:\Apache24\htdocs\omes_app\dompdf\vendor\dompdf\dompdf\src\FrameReflower\Text.php on line 377
[08-Aug-2025 08:07:13 UTC] PHP Deprecated:  Dompdf\FrameReflower\Table::reflow(): Implicitly marking parameter $block as nullable is deprecated, the explicit nullable type must be used instead in C:\Apache24\htdocs\omes_app\dompdf\vendor\dompdf\dompdf\src\FrameReflower\Table.php on line 299
[08-Aug-2025 08:07:13 UTC] PHP Deprecated:  Dompdf\FrameReflower\TableRowGroup::reflow(): Implicitly marking parameter $block as nullable is deprecated, the explicit nullable type must be used instead in C:\Apache24\htdocs\omes_app\dompdf\vendor\dompdf\dompdf\src\FrameReflower\TableRowGroup.php on line 33
[08-Aug-2025 08:07:13 UTC] PHP Deprecated:  Dompdf\FrameReflower\TableRow::reflow(): Implicitly marking parameter $block as nullable is deprecated, the explicit nullable type must be used instead in C:\Apache24\htdocs\omes_app\dompdf\vendor\dompdf\dompdf\src\FrameReflower\TableRow.php on line 33
[08-Aug-2025 08:07:13 UTC] PHP Deprecated:  Dompdf\FrameReflower\TableCell::reflow(): Implicitly marking parameter $block as nullable is deprecated, the explicit nullable type must be used instead in C:\Apache24\htdocs\omes_app\dompdf\vendor\dompdf\dompdf\src\FrameReflower\TableCell.php on line 32
[08-Aug-2025 08:07:13 UTC] PHP Deprecated:  Dompdf\FrameReflower\Image::reflow(): Implicitly marking parameter $block as nullable is deprecated, the explicit nullable type must be used instead in C:\Apache24\htdocs\omes_app\dompdf\vendor\dompdf\dompdf\src\FrameReflower\Image.php on line 33
[08-Aug-2025 08:07:13 UTC] PHP Deprecated:  Dompdf\FrameReflower\Inline::reflow(): Implicitly marking parameter $block as nullable is deprecated, the explicit nullable type must be used instead in C:\Apache24\htdocs\omes_app\dompdf\vendor\dompdf\dompdf\src\FrameReflower\Inline.php on line 77
[08-Aug-2025 08:07:24 UTC] PHP Deprecated:  Dompdf\Options::__construct(): Implicitly marking parameter $attributes as nullable is deprecated, the explicit nullable type must be used instead in C:\Apache24\htdocs\omes_app\dompdf\vendor\dompdf\dompdf\src\Options.php on line 312
[08-Aug-2025 08:07:24 UTC] PHP Deprecated:  Dompdf\FrameDecorator\AbstractFrameDecorator::reflow(): Implicitly marking parameter $block as nullable is deprecated, the explicit nullable type must be used instead in C:\Apache24\htdocs\omes_app\dompdf\vendor\dompdf\dompdf\src\FrameDecorator\AbstractFrameDecorator.php on line 908
[08-Aug-2025 08:07:24 UTC] PHP Deprecated:  Dompdf\FrameReflower\Page::reflow(): Implicitly marking parameter $block as nullable is deprecated, the explicit nullable type must be used instead in C:\Apache24\htdocs\omes_app\dompdf\vendor\dompdf\dompdf\src\FrameReflower\Page.php on line 94
[08-Aug-2025 08:07:24 UTC] PHP Deprecated:  Dompdf\FrameReflower\AbstractFrameReflower::reflow(): Implicitly marking parameter $block as nullable is deprecated, the explicit nullable type must be used instead in C:\Apache24\htdocs\omes_app\dompdf\vendor\dompdf\dompdf\src\FrameReflower\AbstractFrameReflower.php on line 290
[08-Aug-2025 08:07:24 UTC] PHP Deprecated:  Dompdf\FrameReflower\Block::reflow(): Implicitly marking parameter $block as nullable is deprecated, the explicit nullable type must be used instead in C:\Apache24\htdocs\omes_app\dompdf\vendor\dompdf\dompdf\src\FrameReflower\Block.php on line 781
[08-Aug-2025 08:07:24 UTC] PHP Deprecated:  Dompdf\FrameReflower\Text::reflow(): Implicitly marking parameter $block as nullable is deprecated, the explicit nullable type must be used instead in C:\Apache24\htdocs\omes_app\dompdf\vendor\dompdf\dompdf\src\FrameReflower\Text.php on line 377
[08-Aug-2025 08:07:24 UTC] PHP Deprecated:  Dompdf\FrameReflower\Table::reflow(): Implicitly marking parameter $block as nullable is deprecated, the explicit nullable type must be used instead in C:\Apache24\htdocs\omes_app\dompdf\vendor\dompdf\dompdf\src\FrameReflower\Table.php on line 299
[08-Aug-2025 08:07:24 UTC] PHP Deprecated:  Dompdf\FrameReflower\TableRowGroup::reflow(): Implicitly marking parameter $block as nullable is deprecated, the explicit nullable type must be used instead in C:\Apache24\htdocs\omes_app\dompdf\vendor\dompdf\dompdf\src\FrameReflower\TableRowGroup.php on line 33
[08-Aug-2025 08:07:24 UTC] PHP Deprecated:  Dompdf\FrameReflower\TableRow::reflow(): Implicitly marking parameter $block as nullable is deprecated, the explicit nullable type must be used instead in C:\Apache24\htdocs\omes_app\dompdf\vendor\dompdf\dompdf\src\FrameReflower\TableRow.php on line 33
[08-Aug-2025 08:07:24 UTC] PHP Deprecated:  Dompdf\FrameReflower\TableCell::reflow(): Implicitly marking parameter $block as nullable is deprecated, the explicit nullable type must be used instead in C:\Apache24\htdocs\omes_app\dompdf\vendor\dompdf\dompdf\src\FrameReflower\TableCell.php on line 32
[08-Aug-2025 08:07:24 UTC] PHP Deprecated:  Dompdf\FrameReflower\Image::reflow(): Implicitly marking parameter $block as nullable is deprecated, the explicit nullable type must be used instead in C:\Apache24\htdocs\omes_app\dompdf\vendor\dompdf\dompdf\src\FrameReflower\Image.php on line 33
[08-Aug-2025 08:07:24 UTC] PHP Deprecated:  Dompdf\FrameReflower\Inline::reflow(): Implicitly marking parameter $block as nullable is deprecated, the explicit nullable type must be used instead in C:\Apache24\htdocs\omes_app\dompdf\vendor\dompdf\dompdf\src\FrameReflower\Inline.php on line 77
[08-Aug-2025 08:07:33 UTC] PHP Deprecated:  Dompdf\Options::__construct(): Implicitly marking parameter $attributes as nullable is deprecated, the explicit nullable type must be used instead in C:\Apache24\htdocs\omes_app\dompdf\vendor\dompdf\dompdf\src\Options.php on line 312
[08-Aug-2025 08:07:33 UTC] PHP Deprecated:  Dompdf\FrameDecorator\AbstractFrameDecorator::reflow(): Implicitly marking parameter $block as nullable is deprecated, the explicit nullable type must be used instead in C:\Apache24\htdocs\omes_app\dompdf\vendor\dompdf\dompdf\src\FrameDecorator\AbstractFrameDecorator.php on line 908
[08-Aug-2025 08:07:33 UTC] PHP Deprecated:  Dompdf\FrameReflower\Page::reflow(): Implicitly marking parameter $block as nullable is deprecated, the explicit nullable type must be used instead in C:\Apache24\htdocs\omes_app\dompdf\vendor\dompdf\dompdf\src\FrameReflower\Page.php on line 94
[08-Aug-2025 08:07:33 UTC] PHP Deprecated:  Dompdf\FrameReflower\AbstractFrameReflower::reflow(): Implicitly marking parameter $block as nullable is deprecated, the explicit nullable type must be used instead in C:\Apache24\htdocs\omes_app\dompdf\vendor\dompdf\dompdf\src\FrameReflower\AbstractFrameReflower.php on line 290
[08-Aug-2025 08:07:33 UTC] PHP Deprecated:  Dompdf\FrameReflower\Block::reflow(): Implicitly marking parameter $block as nullable is deprecated, the explicit nullable type must be used instead in C:\Apache24\htdocs\omes_app\dompdf\vendor\dompdf\dompdf\src\FrameReflower\Block.php on line 781
[08-Aug-2025 08:07:33 UTC] PHP Deprecated:  Dompdf\FrameReflower\Text::reflow(): Implicitly marking parameter $block as nullable is deprecated, the explicit nullable type must be used instead in C:\Apache24\htdocs\omes_app\dompdf\vendor\dompdf\dompdf\src\FrameReflower\Text.php on line 377
[08-Aug-2025 08:07:33 UTC] PHP Deprecated:  Dompdf\FrameReflower\Table::reflow(): Implicitly marking parameter $block as nullable is deprecated, the explicit nullable type must be used instead in C:\Apache24\htdocs\omes_app\dompdf\vendor\dompdf\dompdf\src\FrameReflower\Table.php on line 299
[08-Aug-2025 08:07:33 UTC] PHP Deprecated:  Dompdf\FrameReflower\TableRowGroup::reflow(): Implicitly marking parameter $block as nullable is deprecated, the explicit nullable type must be used instead in C:\Apache24\htdocs\omes_app\dompdf\vendor\dompdf\dompdf\src\FrameReflower\TableRowGroup.php on line 33
[08-Aug-2025 08:07:33 UTC] PHP Deprecated:  Dompdf\FrameReflower\TableRow::reflow(): Implicitly marking parameter $block as nullable is deprecated, the explicit nullable type must be used instead in C:\Apache24\htdocs\omes_app\dompdf\vendor\dompdf\dompdf\src\FrameReflower\TableRow.php on line 33
[08-Aug-2025 08:07:33 UTC] PHP Deprecated:  Dompdf\FrameReflower\TableCell::reflow(): Implicitly marking parameter $block as nullable is deprecated, the explicit nullable type must be used instead in C:\Apache24\htdocs\omes_app\dompdf\vendor\dompdf\dompdf\src\FrameReflower\TableCell.php on line 32
[08-Aug-2025 08:07:33 UTC] PHP Deprecated:  Dompdf\FrameReflower\Image::reflow(): Implicitly marking parameter $block as nullable is deprecated, the explicit nullable type must be used instead in C:\Apache24\htdocs\omes_app\dompdf\vendor\dompdf\dompdf\src\FrameReflower\Image.php on line 33
[08-Aug-2025 08:07:33 UTC] PHP Deprecated:  Dompdf\FrameReflower\Inline::reflow(): Implicitly marking parameter $block as nullable is deprecated, the explicit nullable type must be used instead in C:\Apache24\htdocs\omes_app\dompdf\vendor\dompdf\dompdf\src\FrameReflower\Inline.php on line 77
[08-Aug-2025 08:07:42 UTC] PHP Deprecated:  Dompdf\Options::__construct(): Implicitly marking parameter $attributes as nullable is deprecated, the explicit nullable type must be used instead in C:\Apache24\htdocs\omes_app\dompdf\vendor\dompdf\dompdf\src\Options.php on line 312
[08-Aug-2025 08:07:42 UTC] PHP Deprecated:  Dompdf\FrameDecorator\AbstractFrameDecorator::reflow(): Implicitly marking parameter $block as nullable is deprecated, the explicit nullable type must be used instead in C:\Apache24\htdocs\omes_app\dompdf\vendor\dompdf\dompdf\src\FrameDecorator\AbstractFrameDecorator.php on line 908
[08-Aug-2025 08:07:42 UTC] PHP Deprecated:  Dompdf\FrameReflower\Page::reflow(): Implicitly marking parameter $block as nullable is deprecated, the explicit nullable type must be used instead in C:\Apache24\htdocs\omes_app\dompdf\vendor\dompdf\dompdf\src\FrameReflower\Page.php on line 94
[08-Aug-2025 08:07:42 UTC] PHP Deprecated:  Dompdf\FrameReflower\AbstractFrameReflower::reflow(): Implicitly marking parameter $block as nullable is deprecated, the explicit nullable type must be used instead in C:\Apache24\htdocs\omes_app\dompdf\vendor\dompdf\dompdf\src\FrameReflower\AbstractFrameReflower.php on line 290
[08-Aug-2025 08:07:42 UTC] PHP Deprecated:  Dompdf\FrameReflower\Block::reflow(): Implicitly marking parameter $block as nullable is deprecated, the explicit nullable type must be used instead in C:\Apache24\htdocs\omes_app\dompdf\vendor\dompdf\dompdf\src\FrameReflower\Block.php on line 781
[08-Aug-2025 08:07:42 UTC] PHP Deprecated:  Dompdf\FrameReflower\Text::reflow(): Implicitly marking parameter $block as nullable is deprecated, the explicit nullable type must be used instead in C:\Apache24\htdocs\omes_app\dompdf\vendor\dompdf\dompdf\src\FrameReflower\Text.php on line 377
[08-Aug-2025 08:07:43 UTC] PHP Deprecated:  Dompdf\FrameReflower\Table::reflow(): Implicitly marking parameter $block as nullable is deprecated, the explicit nullable type must be used instead in C:\Apache24\htdocs\omes_app\dompdf\vendor\dompdf\dompdf\src\FrameReflower\Table.php on line 299
[08-Aug-2025 08:07:43 UTC] PHP Deprecated:  Dompdf\FrameReflower\TableRowGroup::reflow(): Implicitly marking parameter $block as nullable is deprecated, the explicit nullable type must be used instead in C:\Apache24\htdocs\omes_app\dompdf\vendor\dompdf\dompdf\src\FrameReflower\TableRowGroup.php on line 33
[08-Aug-2025 08:07:43 UTC] PHP Deprecated:  Dompdf\FrameReflower\TableRow::reflow(): Implicitly marking parameter $block as nullable is deprecated, the explicit nullable type must be used instead in C:\Apache24\htdocs\omes_app\dompdf\vendor\dompdf\dompdf\src\FrameReflower\TableRow.php on line 33
[08-Aug-2025 08:07:43 UTC] PHP Deprecated:  Dompdf\FrameReflower\TableCell::reflow(): Implicitly marking parameter $block as nullable is deprecated, the explicit nullable type must be used instead in C:\Apache24\htdocs\omes_app\dompdf\vendor\dompdf\dompdf\src\FrameReflower\TableCell.php on line 32
[08-Aug-2025 08:07:43 UTC] PHP Deprecated:  Dompdf\FrameReflower\Image::reflow(): Implicitly marking parameter $block as nullable is deprecated, the explicit nullable type must be used instead in C:\Apache24\htdocs\omes_app\dompdf\vendor\dompdf\dompdf\src\FrameReflower\Image.php on line 33
[08-Aug-2025 08:07:43 UTC] PHP Deprecated:  Dompdf\FrameReflower\Inline::reflow(): Implicitly marking parameter $block as nullable is deprecated, the explicit nullable type must be used instead in C:\Apache24\htdocs\omes_app\dompdf\vendor\dompdf\dompdf\src\FrameReflower\Inline.php on line 77
[08-Aug-2025 08:07:54 UTC] PHP Deprecated:  Dompdf\Options::__construct(): Implicitly marking parameter $attributes as nullable is deprecated, the explicit nullable type must be used instead in C:\Apache24\htdocs\omes_app\dompdf\vendor\dompdf\dompdf\src\Options.php on line 312
[08-Aug-2025 08:07:54 UTC] PHP Deprecated:  Dompdf\FrameDecorator\AbstractFrameDecorator::reflow(): Implicitly marking parameter $block as nullable is deprecated, the explicit nullable type must be used instead in C:\Apache24\htdocs\omes_app\dompdf\vendor\dompdf\dompdf\src\FrameDecorator\AbstractFrameDecorator.php on line 908
[08-Aug-2025 08:07:54 UTC] PHP Deprecated:  Dompdf\FrameReflower\Page::reflow(): Implicitly marking parameter $block as nullable is deprecated, the explicit nullable type must be used instead in C:\Apache24\htdocs\omes_app\dompdf\vendor\dompdf\dompdf\src\FrameReflower\Page.php on line 94
[08-Aug-2025 08:07:54 UTC] PHP Deprecated:  Dompdf\FrameReflower\AbstractFrameReflower::reflow(): Implicitly marking parameter $block as nullable is deprecated, the explicit nullable type must be used instead in C:\Apache24\htdocs\omes_app\dompdf\vendor\dompdf\dompdf\src\FrameReflower\AbstractFrameReflower.php on line 290
[08-Aug-2025 08:07:54 UTC] PHP Deprecated:  Dompdf\FrameReflower\Block::reflow(): Implicitly marking parameter $block as nullable is deprecated, the explicit nullable type must be used instead in C:\Apache24\htdocs\omes_app\dompdf\vendor\dompdf\dompdf\src\FrameReflower\Block.php on line 781
[08-Aug-2025 08:07:54 UTC] PHP Deprecated:  Dompdf\FrameReflower\Text::reflow(): Implicitly marking parameter $block as nullable is deprecated, the explicit nullable type must be used instead in C:\Apache24\htdocs\omes_app\dompdf\vendor\dompdf\dompdf\src\FrameReflower\Text.php on line 377
[08-Aug-2025 08:07:54 UTC] PHP Deprecated:  Dompdf\FrameReflower\Table::reflow(): Implicitly marking parameter $block as nullable is deprecated, the explicit nullable type must be used instead in C:\Apache24\htdocs\omes_app\dompdf\vendor\dompdf\dompdf\src\FrameReflower\Table.php on line 299
[08-Aug-2025 08:07:54 UTC] PHP Deprecated:  Dompdf\FrameReflower\TableRowGroup::reflow(): Implicitly marking parameter $block as nullable is deprecated, the explicit nullable type must be used instead in C:\Apache24\htdocs\omes_app\dompdf\vendor\dompdf\dompdf\src\FrameReflower\TableRowGroup.php on line 33
[08-Aug-2025 08:07:54 UTC] PHP Deprecated:  Dompdf\FrameReflower\TableRow::reflow(): Implicitly marking parameter $block as nullable is deprecated, the explicit nullable type must be used instead in C:\Apache24\htdocs\omes_app\dompdf\vendor\dompdf\dompdf\src\FrameReflower\TableRow.php on line 33
[08-Aug-2025 08:07:54 UTC] PHP Deprecated:  Dompdf\FrameReflower\TableCell::reflow(): Implicitly marking parameter $block as nullable is deprecated, the explicit nullable type must be used instead in C:\Apache24\htdocs\omes_app\dompdf\vendor\dompdf\dompdf\src\FrameReflower\TableCell.php on line 32
[08-Aug-2025 08:07:54 UTC] PHP Deprecated:  Dompdf\FrameReflower\Image::reflow(): Implicitly marking parameter $block as nullable is deprecated, the explicit nullable type must be used instead in C:\Apache24\htdocs\omes_app\dompdf\vendor\dompdf\dompdf\src\FrameReflower\Image.php on line 33
[08-Aug-2025 08:07:54 UTC] PHP Deprecated:  Dompdf\FrameReflower\Inline::reflow(): Implicitly marking parameter $block as nullable is deprecated, the explicit nullable type must be used instead in C:\Apache24\htdocs\omes_app\dompdf\vendor\dompdf\dompdf\src\FrameReflower\Inline.php on line 77
[08-Aug-2025 08:08:03 UTC] PHP Deprecated:  Dompdf\Options::__construct(): Implicitly marking parameter $attributes as nullable is deprecated, the explicit nullable type must be used instead in C:\Apache24\htdocs\omes_app\dompdf\vendor\dompdf\dompdf\src\Options.php on line 312
[08-Aug-2025 08:08:03 UTC] PHP Deprecated:  Dompdf\FrameDecorator\AbstractFrameDecorator::reflow(): Implicitly marking parameter $block as nullable is deprecated, the explicit nullable type must be used instead in C:\Apache24\htdocs\omes_app\dompdf\vendor\dompdf\dompdf\src\FrameDecorator\AbstractFrameDecorator.php on line 908
[08-Aug-2025 08:08:03 UTC] PHP Deprecated:  Dompdf\FrameReflower\Page::reflow(): Implicitly marking parameter $block as nullable is deprecated, the explicit nullable type must be used instead in C:\Apache24\htdocs\omes_app\dompdf\vendor\dompdf\dompdf\src\FrameReflower\Page.php on line 94
[08-Aug-2025 08:08:03 UTC] PHP Deprecated:  Dompdf\FrameReflower\AbstractFrameReflower::reflow(): Implicitly marking parameter $block as nullable is deprecated, the explicit nullable type must be used instead in C:\Apache24\htdocs\omes_app\dompdf\vendor\dompdf\dompdf\src\FrameReflower\AbstractFrameReflower.php on line 290
[08-Aug-2025 08:08:03 UTC] PHP Deprecated:  Dompdf\FrameReflower\Block::reflow(): Implicitly marking parameter $block as nullable is deprecated, the explicit nullable type must be used instead in C:\Apache24\htdocs\omes_app\dompdf\vendor\dompdf\dompdf\src\FrameReflower\Block.php on line 781
[08-Aug-2025 08:08:03 UTC] PHP Deprecated:  Dompdf\FrameReflower\Text::reflow(): Implicitly marking parameter $block as nullable is deprecated, the explicit nullable type must be used instead in C:\Apache24\htdocs\omes_app\dompdf\vendor\dompdf\dompdf\src\FrameReflower\Text.php on line 377
[08-Aug-2025 08:08:03 UTC] PHP Deprecated:  Dompdf\FrameReflower\Table::reflow(): Implicitly marking parameter $block as nullable is deprecated, the explicit nullable type must be used instead in C:\Apache24\htdocs\omes_app\dompdf\vendor\dompdf\dompdf\src\FrameReflower\Table.php on line 299
[08-Aug-2025 08:08:03 UTC] PHP Deprecated:  Dompdf\FrameReflower\TableRowGroup::reflow(): Implicitly marking parameter $block as nullable is deprecated, the explicit nullable type must be used instead in C:\Apache24\htdocs\omes_app\dompdf\vendor\dompdf\dompdf\src\FrameReflower\TableRowGroup.php on line 33
[08-Aug-2025 08:08:03 UTC] PHP Deprecated:  Dompdf\FrameReflower\TableRow::reflow(): Implicitly marking parameter $block as nullable is deprecated, the explicit nullable type must be used instead in C:\Apache24\htdocs\omes_app\dompdf\vendor\dompdf\dompdf\src\FrameReflower\TableRow.php on line 33
[08-Aug-2025 08:08:03 UTC] PHP Deprecated:  Dompdf\FrameReflower\TableCell::reflow(): Implicitly marking parameter $block as nullable is deprecated, the explicit nullable type must be used instead in C:\Apache24\htdocs\omes_app\dompdf\vendor\dompdf\dompdf\src\FrameReflower\TableCell.php on line 32
[08-Aug-2025 08:08:03 UTC] PHP Deprecated:  Dompdf\FrameReflower\Image::reflow(): Implicitly marking parameter $block as nullable is deprecated, the explicit nullable type must be used instead in C:\Apache24\htdocs\omes_app\dompdf\vendor\dompdf\dompdf\src\FrameReflower\Image.php on line 33
[08-Aug-2025 08:08:03 UTC] PHP Deprecated:  Dompdf\FrameReflower\Inline::reflow(): Implicitly marking parameter $block as nullable is deprecated, the explicit nullable type must be used instead in C:\Apache24\htdocs\omes_app\dompdf\vendor\dompdf\dompdf\src\FrameReflower\Inline.php on line 77
[08-Aug-2025 08:08:11 UTC] PHP Deprecated:  Dompdf\Options::__construct(): Implicitly marking parameter $attributes as nullable is deprecated, the explicit nullable type must be used instead in C:\Apache24\htdocs\omes_app\dompdf\vendor\dompdf\dompdf\src\Options.php on line 312
[08-Aug-2025 08:08:11 UTC] PHP Deprecated:  Dompdf\FrameDecorator\AbstractFrameDecorator::reflow(): Implicitly marking parameter $block as nullable is deprecated, the explicit nullable type must be used instead in C:\Apache24\htdocs\omes_app\dompdf\vendor\dompdf\dompdf\src\FrameDecorator\AbstractFrameDecorator.php on line 908
[08-Aug-2025 08:08:11 UTC] PHP Deprecated:  Dompdf\FrameReflower\Page::reflow(): Implicitly marking parameter $block as nullable is deprecated, the explicit nullable type must be used instead in C:\Apache24\htdocs\omes_app\dompdf\vendor\dompdf\dompdf\src\FrameReflower\Page.php on line 94
[08-Aug-2025 08:08:11 UTC] PHP Deprecated:  Dompdf\FrameReflower\AbstractFrameReflower::reflow(): Implicitly marking parameter $block as nullable is deprecated, the explicit nullable type must be used instead in C:\Apache24\htdocs\omes_app\dompdf\vendor\dompdf\dompdf\src\FrameReflower\AbstractFrameReflower.php on line 290
[08-Aug-2025 08:08:11 UTC] PHP Deprecated:  Dompdf\FrameReflower\Block::reflow(): Implicitly marking parameter $block as nullable is deprecated, the explicit nullable type must be used instead in C:\Apache24\htdocs\omes_app\dompdf\vendor\dompdf\dompdf\src\FrameReflower\Block.php on line 781
[08-Aug-2025 08:08:11 UTC] PHP Deprecated:  Dompdf\FrameReflower\Text::reflow(): Implicitly marking parameter $block as nullable is deprecated, the explicit nullable type must be used instead in C:\Apache24\htdocs\omes_app\dompdf\vendor\dompdf\dompdf\src\FrameReflower\Text.php on line 377
[08-Aug-2025 08:08:11 UTC] PHP Deprecated:  Dompdf\FrameReflower\Table::reflow(): Implicitly marking parameter $block as nullable is deprecated, the explicit nullable type must be used instead in C:\Apache24\htdocs\omes_app\dompdf\vendor\dompdf\dompdf\src\FrameReflower\Table.php on line 299
[08-Aug-2025 08:08:11 UTC] PHP Deprecated:  Dompdf\FrameReflower\TableRowGroup::reflow(): Implicitly marking parameter $block as nullable is deprecated, the explicit nullable type must be used instead in C:\Apache24\htdocs\omes_app\dompdf\vendor\dompdf\dompdf\src\FrameReflower\TableRowGroup.php on line 33
[08-Aug-2025 08:08:11 UTC] PHP Deprecated:  Dompdf\FrameReflower\TableRow::reflow(): Implicitly marking parameter $block as nullable is deprecated, the explicit nullable type must be used instead in C:\Apache24\htdocs\omes_app\dompdf\vendor\dompdf\dompdf\src\FrameReflower\TableRow.php on line 33
[08-Aug-2025 08:08:11 UTC] PHP Deprecated:  Dompdf\FrameReflower\TableCell::reflow(): Implicitly marking parameter $block as nullable is deprecated, the explicit nullable type must be used instead in C:\Apache24\htdocs\omes_app\dompdf\vendor\dompdf\dompdf\src\FrameReflower\TableCell.php on line 32
[08-Aug-2025 08:08:11 UTC] PHP Deprecated:  Dompdf\FrameReflower\Image::reflow(): Implicitly marking parameter $block as nullable is deprecated, the explicit nullable type must be used instead in C:\Apache24\htdocs\omes_app\dompdf\vendor\dompdf\dompdf\src\FrameReflower\Image.php on line 33
[08-Aug-2025 08:08:11 UTC] PHP Deprecated:  Dompdf\FrameReflower\Inline::reflow(): Implicitly marking parameter $block as nullable is deprecated, the explicit nullable type must be used instead in C:\Apache24\htdocs\omes_app\dompdf\vendor\dompdf\dompdf\src\FrameReflower\Inline.php on line 77
[08-Aug-2025 08:08:30 UTC] PHP Deprecated:  Dompdf\Options::__construct(): Implicitly marking parameter $attributes as nullable is deprecated, the explicit nullable type must be used instead in C:\Apache24\htdocs\omes_app\dompdf\vendor\dompdf\dompdf\src\Options.php on line 312
[08-Aug-2025 08:08:30 UTC] PHP Deprecated:  Dompdf\FrameDecorator\AbstractFrameDecorator::reflow(): Implicitly marking parameter $block as nullable is deprecated, the explicit nullable type must be used instead in C:\Apache24\htdocs\omes_app\dompdf\vendor\dompdf\dompdf\src\FrameDecorator\AbstractFrameDecorator.php on line 908
[08-Aug-2025 08:08:30 UTC] PHP Deprecated:  Dompdf\FrameReflower\Page::reflow(): Implicitly marking parameter $block as nullable is deprecated, the explicit nullable type must be used instead in C:\Apache24\htdocs\omes_app\dompdf\vendor\dompdf\dompdf\src\FrameReflower\Page.php on line 94
[08-Aug-2025 08:08:30 UTC] PHP Deprecated:  Dompdf\FrameReflower\AbstractFrameReflower::reflow(): Implicitly marking parameter $block as nullable is deprecated, the explicit nullable type must be used instead in C:\Apache24\htdocs\omes_app\dompdf\vendor\dompdf\dompdf\src\FrameReflower\AbstractFrameReflower.php on line 290
[08-Aug-2025 08:08:30 UTC] PHP Deprecated:  Dompdf\FrameReflower\Block::reflow(): Implicitly marking parameter $block as nullable is deprecated, the explicit nullable type must be used instead in C:\Apache24\htdocs\omes_app\dompdf\vendor\dompdf\dompdf\src\FrameReflower\Block.php on line 781
[08-Aug-2025 08:08:30 UTC] PHP Deprecated:  Dompdf\FrameReflower\Text::reflow(): Implicitly marking parameter $block as nullable is deprecated, the explicit nullable type must be used instead in C:\Apache24\htdocs\omes_app\dompdf\vendor\dompdf\dompdf\src\FrameReflower\Text.php on line 377
[08-Aug-2025 08:08:30 UTC] PHP Deprecated:  Dompdf\FrameReflower\Table::reflow(): Implicitly marking parameter $block as nullable is deprecated, the explicit nullable type must be used instead in C:\Apache24\htdocs\omes_app\dompdf\vendor\dompdf\dompdf\src\FrameReflower\Table.php on line 299
[08-Aug-2025 08:08:30 UTC] PHP Deprecated:  Dompdf\FrameReflower\TableRowGroup::reflow(): Implicitly marking parameter $block as nullable is deprecated, the explicit nullable type must be used instead in C:\Apache24\htdocs\omes_app\dompdf\vendor\dompdf\dompdf\src\FrameReflower\TableRowGroup.php on line 33
[08-Aug-2025 08:08:30 UTC] PHP Deprecated:  Dompdf\FrameReflower\TableRow::reflow(): Implicitly marking parameter $block as nullable is deprecated, the explicit nullable type must be used instead in C:\Apache24\htdocs\omes_app\dompdf\vendor\dompdf\dompdf\src\FrameReflower\TableRow.php on line 33
[08-Aug-2025 08:08:30 UTC] PHP Deprecated:  Dompdf\FrameReflower\TableCell::reflow(): Implicitly marking parameter $block as nullable is deprecated, the explicit nullable type must be used instead in C:\Apache24\htdocs\omes_app\dompdf\vendor\dompdf\dompdf\src\FrameReflower\TableCell.php on line 32
[08-Aug-2025 08:08:30 UTC] PHP Deprecated:  Dompdf\FrameReflower\Image::reflow(): Implicitly marking parameter $block as nullable is deprecated, the explicit nullable type must be used instead in C:\Apache24\htdocs\omes_app\dompdf\vendor\dompdf\dompdf\src\FrameReflower\Image.php on line 33
[08-Aug-2025 08:08:30 UTC] PHP Deprecated:  Dompdf\FrameReflower\Inline::reflow(): Implicitly marking parameter $block as nullable is deprecated, the explicit nullable type must be used instead in C:\Apache24\htdocs\omes_app\dompdf\vendor\dompdf\dompdf\src\FrameReflower\Inline.php on line 77
[08-Aug-2025 08:08:37 UTC] PHP Deprecated:  Dompdf\Options::__construct(): Implicitly marking parameter $attributes as nullable is deprecated, the explicit nullable type must be used instead in C:\Apache24\htdocs\omes_app\dompdf\vendor\dompdf\dompdf\src\Options.php on line 312
[08-Aug-2025 08:08:37 UTC] PHP Deprecated:  Dompdf\FrameDecorator\AbstractFrameDecorator::reflow(): Implicitly marking parameter $block as nullable is deprecated, the explicit nullable type must be used instead in C:\Apache24\htdocs\omes_app\dompdf\vendor\dompdf\dompdf\src\FrameDecorator\AbstractFrameDecorator.php on line 908
[08-Aug-2025 08:08:37 UTC] PHP Deprecated:  Dompdf\FrameReflower\Page::reflow(): Implicitly marking parameter $block as nullable is deprecated, the explicit nullable type must be used instead in C:\Apache24\htdocs\omes_app\dompdf\vendor\dompdf\dompdf\src\FrameReflower\Page.php on line 94
[08-Aug-2025 08:08:37 UTC] PHP Deprecated:  Dompdf\FrameReflower\AbstractFrameReflower::reflow(): Implicitly marking parameter $block as nullable is deprecated, the explicit nullable type must be used instead in C:\Apache24\htdocs\omes_app\dompdf\vendor\dompdf\dompdf\src\FrameReflower\AbstractFrameReflower.php on line 290
[08-Aug-2025 08:08:37 UTC] PHP Deprecated:  Dompdf\FrameReflower\Block::reflow(): Implicitly marking parameter $block as nullable is deprecated, the explicit nullable type must be used instead in C:\Apache24\htdocs\omes_app\dompdf\vendor\dompdf\dompdf\src\FrameReflower\Block.php on line 781
[08-Aug-2025 08:08:37 UTC] PHP Deprecated:  Dompdf\FrameReflower\Text::reflow(): Implicitly marking parameter $block as nullable is deprecated, the explicit nullable type must be used instead in C:\Apache24\htdocs\omes_app\dompdf\vendor\dompdf\dompdf\src\FrameReflower\Text.php on line 377
[08-Aug-2025 08:08:37 UTC] PHP Deprecated:  Dompdf\FrameReflower\Table::reflow(): Implicitly marking parameter $block as nullable is deprecated, the explicit nullable type must be used instead in C:\Apache24\htdocs\omes_app\dompdf\vendor\dompdf\dompdf\src\FrameReflower\Table.php on line 299
[08-Aug-2025 08:08:37 UTC] PHP Deprecated:  Dompdf\FrameReflower\TableRowGroup::reflow(): Implicitly marking parameter $block as nullable is deprecated, the explicit nullable type must be used instead in C:\Apache24\htdocs\omes_app\dompdf\vendor\dompdf\dompdf\src\FrameReflower\TableRowGroup.php on line 33
[08-Aug-2025 08:08:37 UTC] PHP Deprecated:  Dompdf\FrameReflower\TableRow::reflow(): Implicitly marking parameter $block as nullable is deprecated, the explicit nullable type must be used instead in C:\Apache24\htdocs\omes_app\dompdf\vendor\dompdf\dompdf\src\FrameReflower\TableRow.php on line 33
[08-Aug-2025 08:08:37 UTC] PHP Deprecated:  Dompdf\FrameReflower\TableCell::reflow(): Implicitly marking parameter $block as nullable is deprecated, the explicit nullable type must be used instead in C:\Apache24\htdocs\omes_app\dompdf\vendor\dompdf\dompdf\src\FrameReflower\TableCell.php on line 32
[08-Aug-2025 08:08:37 UTC] PHP Deprecated:  Dompdf\FrameReflower\Image::reflow(): Implicitly marking parameter $block as nullable is deprecated, the explicit nullable type must be used instead in C:\Apache24\htdocs\omes_app\dompdf\vendor\dompdf\dompdf\src\FrameReflower\Image.php on line 33
[08-Aug-2025 08:08:37 UTC] PHP Deprecated:  Dompdf\FrameReflower\Inline::reflow(): Implicitly marking parameter $block as nullable is deprecated, the explicit nullable type must be used instead in C:\Apache24\htdocs\omes_app\dompdf\vendor\dompdf\dompdf\src\FrameReflower\Inline.php on line 77
[08-Aug-2025 08:09:33 UTC] PHP Deprecated:  Dompdf\Options::__construct(): Implicitly marking parameter $attributes as nullable is deprecated, the explicit nullable type must be used instead in C:\Apache24\htdocs\omes_app\dompdf\vendor\dompdf\dompdf\src\Options.php on line 312
[08-Aug-2025 08:09:34 UTC] PHP Deprecated:  Dompdf\FrameDecorator\AbstractFrameDecorator::reflow(): Implicitly marking parameter $block as nullable is deprecated, the explicit nullable type must be used instead in C:\Apache24\htdocs\omes_app\dompdf\vendor\dompdf\dompdf\src\FrameDecorator\AbstractFrameDecorator.php on line 908
[08-Aug-2025 08:09:34 UTC] PHP Deprecated:  Dompdf\FrameReflower\Page::reflow(): Implicitly marking parameter $block as nullable is deprecated, the explicit nullable type must be used instead in C:\Apache24\htdocs\omes_app\dompdf\vendor\dompdf\dompdf\src\FrameReflower\Page.php on line 94
[08-Aug-2025 08:09:34 UTC] PHP Deprecated:  Dompdf\FrameReflower\AbstractFrameReflower::reflow(): Implicitly marking parameter $block as nullable is deprecated, the explicit nullable type must be used instead in C:\Apache24\htdocs\omes_app\dompdf\vendor\dompdf\dompdf\src\FrameReflower\AbstractFrameReflower.php on line 290
[08-Aug-2025 08:09:34 UTC] PHP Deprecated:  Dompdf\FrameReflower\Block::reflow(): Implicitly marking parameter $block as nullable is deprecated, the explicit nullable type must be used instead in C:\Apache24\htdocs\omes_app\dompdf\vendor\dompdf\dompdf\src\FrameReflower\Block.php on line 781
[08-Aug-2025 08:09:34 UTC] PHP Deprecated:  Dompdf\FrameReflower\Text::reflow(): Implicitly marking parameter $block as nullable is deprecated, the explicit nullable type must be used instead in C:\Apache24\htdocs\omes_app\dompdf\vendor\dompdf\dompdf\src\FrameReflower\Text.php on line 377
[08-Aug-2025 08:09:34 UTC] PHP Deprecated:  Dompdf\FrameReflower\Table::reflow(): Implicitly marking parameter $block as nullable is deprecated, the explicit nullable type must be used instead in C:\Apache24\htdocs\omes_app\dompdf\vendor\dompdf\dompdf\src\FrameReflower\Table.php on line 299
[08-Aug-2025 08:09:34 UTC] PHP Deprecated:  Dompdf\FrameReflower\TableRowGroup::reflow(): Implicitly marking parameter $block as nullable is deprecated, the explicit nullable type must be used instead in C:\Apache24\htdocs\omes_app\dompdf\vendor\dompdf\dompdf\src\FrameReflower\TableRowGroup.php on line 33
[08-Aug-2025 08:09:34 UTC] PHP Deprecated:  Dompdf\FrameReflower\TableRow::reflow(): Implicitly marking parameter $block as nullable is deprecated, the explicit nullable type must be used instead in C:\Apache24\htdocs\omes_app\dompdf\vendor\dompdf\dompdf\src\FrameReflower\TableRow.php on line 33
[08-Aug-2025 08:09:34 UTC] PHP Deprecated:  Dompdf\FrameReflower\TableCell::reflow(): Implicitly marking parameter $block as nullable is deprecated, the explicit nullable type must be used instead in C:\Apache24\htdocs\omes_app\dompdf\vendor\dompdf\dompdf\src\FrameReflower\TableCell.php on line 32
[08-Aug-2025 08:09:34 UTC] PHP Deprecated:  Dompdf\FrameReflower\Image::reflow(): Implicitly marking parameter $block as nullable is deprecated, the explicit nullable type must be used instead in C:\Apache24\htdocs\omes_app\dompdf\vendor\dompdf\dompdf\src\FrameReflower\Image.php on line 33
[08-Aug-2025 08:09:34 UTC] PHP Deprecated:  Dompdf\FrameReflower\Inline::reflow(): Implicitly marking parameter $block as nullable is deprecated, the explicit nullable type must be used instead in C:\Apache24\htdocs\omes_app\dompdf\vendor\dompdf\dompdf\src\FrameReflower\Inline.php on line 77
[08-Aug-2025 08:16:31 UTC] PHP Deprecated:  Dompdf\Options::__construct(): Implicitly marking parameter $attributes as nullable is deprecated, the explicit nullable type must be used instead in C:\Apache24\htdocs\omes_app\dompdf\vendor\dompdf\dompdf\src\Options.php on line 312
[08-Aug-2025 08:16:39 UTC] PHP Deprecated:  Dompdf\Options::__construct(): Implicitly marking parameter $attributes as nullable is deprecated, the explicit nullable type must be used instead in C:\Apache24\htdocs\omes_app\dompdf\vendor\dompdf\dompdf\src\Options.php on line 312
[08-Aug-2025 08:16:46 UTC] PHP Deprecated:  Dompdf\Options::__construct(): Implicitly marking parameter $attributes as nullable is deprecated, the explicit nullable type must be used instead in C:\Apache24\htdocs\omes_app\dompdf\vendor\dompdf\dompdf\src\Options.php on line 312
[08-Aug-2025 08:16:46 UTC] PHP Deprecated:  Dompdf\FrameDecorator\AbstractFrameDecorator::reflow(): Implicitly marking parameter $block as nullable is deprecated, the explicit nullable type must be used instead in C:\Apache24\htdocs\omes_app\dompdf\vendor\dompdf\dompdf\src\FrameDecorator\AbstractFrameDecorator.php on line 908
[08-Aug-2025 08:16:46 UTC] PHP Deprecated:  Dompdf\FrameReflower\Page::reflow(): Implicitly marking parameter $block as nullable is deprecated, the explicit nullable type must be used instead in C:\Apache24\htdocs\omes_app\dompdf\vendor\dompdf\dompdf\src\FrameReflower\Page.php on line 94
[08-Aug-2025 08:16:46 UTC] PHP Deprecated:  Dompdf\FrameReflower\AbstractFrameReflower::reflow(): Implicitly marking parameter $block as nullable is deprecated, the explicit nullable type must be used instead in C:\Apache24\htdocs\omes_app\dompdf\vendor\dompdf\dompdf\src\FrameReflower\AbstractFrameReflower.php on line 290
[08-Aug-2025 08:16:46 UTC] PHP Deprecated:  Dompdf\FrameReflower\Block::reflow(): Implicitly marking parameter $block as nullable is deprecated, the explicit nullable type must be used instead in C:\Apache24\htdocs\omes_app\dompdf\vendor\dompdf\dompdf\src\FrameReflower\Block.php on line 781
[08-Aug-2025 08:16:46 UTC] PHP Deprecated:  Dompdf\FrameReflower\Inline::reflow(): Implicitly marking parameter $block as nullable is deprecated, the explicit nullable type must be used instead in C:\Apache24\htdocs\omes_app\dompdf\vendor\dompdf\dompdf\src\FrameReflower\Inline.php on line 77
[08-Aug-2025 08:16:46 UTC] PHP Deprecated:  Dompdf\FrameReflower\Text::reflow(): Implicitly marking parameter $block as nullable is deprecated, the explicit nullable type must be used instead in C:\Apache24\htdocs\omes_app\dompdf\vendor\dompdf\dompdf\src\FrameReflower\Text.php on line 377
[08-Aug-2025 08:16:46 UTC] PHP Deprecated:  Dompdf\FrameReflower\Table::reflow(): Implicitly marking parameter $block as nullable is deprecated, the explicit nullable type must be used instead in C:\Apache24\htdocs\omes_app\dompdf\vendor\dompdf\dompdf\src\FrameReflower\Table.php on line 299
[08-Aug-2025 08:16:46 UTC] PHP Deprecated:  Dompdf\FrameReflower\TableRowGroup::reflow(): Implicitly marking parameter $block as nullable is deprecated, the explicit nullable type must be used instead in C:\Apache24\htdocs\omes_app\dompdf\vendor\dompdf\dompdf\src\FrameReflower\TableRowGroup.php on line 33
[08-Aug-2025 08:16:46 UTC] PHP Deprecated:  Dompdf\FrameReflower\TableRow::reflow(): Implicitly marking parameter $block as nullable is deprecated, the explicit nullable type must be used instead in C:\Apache24\htdocs\omes_app\dompdf\vendor\dompdf\dompdf\src\FrameReflower\TableRow.php on line 33
[08-Aug-2025 08:16:46 UTC] PHP Deprecated:  Dompdf\FrameReflower\TableCell::reflow(): Implicitly marking parameter $block as nullable is deprecated, the explicit nullable type must be used instead in C:\Apache24\htdocs\omes_app\dompdf\vendor\dompdf\dompdf\src\FrameReflower\TableCell.php on line 32
[08-Aug-2025 08:16:46 UTC] PHP Deprecated:  Dompdf\FrameReflower\Image::reflow(): Implicitly marking parameter $block as nullable is deprecated, the explicit nullable type must be used instead in C:\Apache24\htdocs\omes_app\dompdf\vendor\dompdf\dompdf\src\FrameReflower\Image.php on line 33
[08-Aug-2025 08:19:59 UTC] PHP Deprecated:  Dompdf\Options::__construct(): Implicitly marking parameter $attributes as nullable is deprecated, the explicit nullable type must be used instead in C:\Apache24\htdocs\omes_app\dompdf\vendor\dompdf\dompdf\src\Options.php on line 312
[08-Aug-2025 08:19:59 UTC] PHP Deprecated:  Dompdf\FrameDecorator\AbstractFrameDecorator::reflow(): Implicitly marking parameter $block as nullable is deprecated, the explicit nullable type must be used instead in C:\Apache24\htdocs\omes_app\dompdf\vendor\dompdf\dompdf\src\FrameDecorator\AbstractFrameDecorator.php on line 908
[08-Aug-2025 08:19:59 UTC] PHP Deprecated:  Dompdf\FrameReflower\Page::reflow(): Implicitly marking parameter $block as nullable is deprecated, the explicit nullable type must be used instead in C:\Apache24\htdocs\omes_app\dompdf\vendor\dompdf\dompdf\src\FrameReflower\Page.php on line 94
[08-Aug-2025 08:19:59 UTC] PHP Deprecated:  Dompdf\FrameReflower\AbstractFrameReflower::reflow(): Implicitly marking parameter $block as nullable is deprecated, the explicit nullable type must be used instead in C:\Apache24\htdocs\omes_app\dompdf\vendor\dompdf\dompdf\src\FrameReflower\AbstractFrameReflower.php on line 290
[08-Aug-2025 08:19:59 UTC] PHP Deprecated:  Dompdf\FrameReflower\Block::reflow(): Implicitly marking parameter $block as nullable is deprecated, the explicit nullable type must be used instead in C:\Apache24\htdocs\omes_app\dompdf\vendor\dompdf\dompdf\src\FrameReflower\Block.php on line 781
[08-Aug-2025 08:20:00 UTC] PHP Deprecated:  Dompdf\FrameReflower\Inline::reflow(): Implicitly marking parameter $block as nullable is deprecated, the explicit nullable type must be used instead in C:\Apache24\htdocs\omes_app\dompdf\vendor\dompdf\dompdf\src\FrameReflower\Inline.php on line 77
[08-Aug-2025 08:20:00 UTC] PHP Deprecated:  Dompdf\FrameReflower\Text::reflow(): Implicitly marking parameter $block as nullable is deprecated, the explicit nullable type must be used instead in C:\Apache24\htdocs\omes_app\dompdf\vendor\dompdf\dompdf\src\FrameReflower\Text.php on line 377
[08-Aug-2025 08:20:00 UTC] PHP Deprecated:  Dompdf\FrameReflower\Table::reflow(): Implicitly marking parameter $block as nullable is deprecated, the explicit nullable type must be used instead in C:\Apache24\htdocs\omes_app\dompdf\vendor\dompdf\dompdf\src\FrameReflower\Table.php on line 299
[08-Aug-2025 08:20:00 UTC] PHP Deprecated:  Dompdf\FrameReflower\TableRowGroup::reflow(): Implicitly marking parameter $block as nullable is deprecated, the explicit nullable type must be used instead in C:\Apache24\htdocs\omes_app\dompdf\vendor\dompdf\dompdf\src\FrameReflower\TableRowGroup.php on line 33
[08-Aug-2025 08:20:00 UTC] PHP Deprecated:  Dompdf\FrameReflower\TableRow::reflow(): Implicitly marking parameter $block as nullable is deprecated, the explicit nullable type must be used instead in C:\Apache24\htdocs\omes_app\dompdf\vendor\dompdf\dompdf\src\FrameReflower\TableRow.php on line 33
[08-Aug-2025 08:20:00 UTC] PHP Deprecated:  Dompdf\FrameReflower\TableCell::reflow(): Implicitly marking parameter $block as nullable is deprecated, the explicit nullable type must be used instead in C:\Apache24\htdocs\omes_app\dompdf\vendor\dompdf\dompdf\src\FrameReflower\TableCell.php on line 32
[08-Aug-2025 08:20:00 UTC] PHP Deprecated:  Dompdf\FrameReflower\Image::reflow(): Implicitly marking parameter $block as nullable is deprecated, the explicit nullable type must be used instead in C:\Apache24\htdocs\omes_app\dompdf\vendor\dompdf\dompdf\src\FrameReflower\Image.php on line 33
[08-Aug-2025 08:24:06 UTC] PHP Deprecated:  Dompdf\Options::__construct(): Implicitly marking parameter $attributes as nullable is deprecated, the explicit nullable type must be used instead in C:\Apache24\htdocs\omes_app\dompdf\vendor\dompdf\dompdf\src\Options.php on line 312
[08-Aug-2025 08:24:06 UTC] PHP Deprecated:  Dompdf\FrameDecorator\AbstractFrameDecorator::reflow(): Implicitly marking parameter $block as nullable is deprecated, the explicit nullable type must be used instead in C:\Apache24\htdocs\omes_app\dompdf\vendor\dompdf\dompdf\src\FrameDecorator\AbstractFrameDecorator.php on line 908
[08-Aug-2025 08:24:06 UTC] PHP Deprecated:  Dompdf\FrameReflower\Page::reflow(): Implicitly marking parameter $block as nullable is deprecated, the explicit nullable type must be used instead in C:\Apache24\htdocs\omes_app\dompdf\vendor\dompdf\dompdf\src\FrameReflower\Page.php on line 94
[08-Aug-2025 08:24:06 UTC] PHP Deprecated:  Dompdf\FrameReflower\AbstractFrameReflower::reflow(): Implicitly marking parameter $block as nullable is deprecated, the explicit nullable type must be used instead in C:\Apache24\htdocs\omes_app\dompdf\vendor\dompdf\dompdf\src\FrameReflower\AbstractFrameReflower.php on line 290
[08-Aug-2025 08:24:06 UTC] PHP Deprecated:  Dompdf\FrameReflower\Block::reflow(): Implicitly marking parameter $block as nullable is deprecated, the explicit nullable type must be used instead in C:\Apache24\htdocs\omes_app\dompdf\vendor\dompdf\dompdf\src\FrameReflower\Block.php on line 781
[08-Aug-2025 08:24:06 UTC] PHP Deprecated:  Dompdf\FrameReflower\Inline::reflow(): Implicitly marking parameter $block as nullable is deprecated, the explicit nullable type must be used instead in C:\Apache24\htdocs\omes_app\dompdf\vendor\dompdf\dompdf\src\FrameReflower\Inline.php on line 77
[08-Aug-2025 08:24:06 UTC] PHP Deprecated:  Dompdf\FrameReflower\Text::reflow(): Implicitly marking parameter $block as nullable is deprecated, the explicit nullable type must be used instead in C:\Apache24\htdocs\omes_app\dompdf\vendor\dompdf\dompdf\src\FrameReflower\Text.php on line 377
[08-Aug-2025 08:24:06 UTC] PHP Deprecated:  Dompdf\FrameReflower\Table::reflow(): Implicitly marking parameter $block as nullable is deprecated, the explicit nullable type must be used instead in C:\Apache24\htdocs\omes_app\dompdf\vendor\dompdf\dompdf\src\FrameReflower\Table.php on line 299
[08-Aug-2025 08:24:06 UTC] PHP Deprecated:  Dompdf\FrameReflower\TableRowGroup::reflow(): Implicitly marking parameter $block as nullable is deprecated, the explicit nullable type must be used instead in C:\Apache24\htdocs\omes_app\dompdf\vendor\dompdf\dompdf\src\FrameReflower\TableRowGroup.php on line 33
[08-Aug-2025 08:24:06 UTC] PHP Deprecated:  Dompdf\FrameReflower\TableRow::reflow(): Implicitly marking parameter $block as nullable is deprecated, the explicit nullable type must be used instead in C:\Apache24\htdocs\omes_app\dompdf\vendor\dompdf\dompdf\src\FrameReflower\TableRow.php on line 33
[08-Aug-2025 08:24:07 UTC] PHP Deprecated:  Dompdf\FrameReflower\TableCell::reflow(): Implicitly marking parameter $block as nullable is deprecated, the explicit nullable type must be used instead in C:\Apache24\htdocs\omes_app\dompdf\vendor\dompdf\dompdf\src\FrameReflower\TableCell.php on line 32
[08-Aug-2025 08:24:07 UTC] PHP Deprecated:  Dompdf\FrameReflower\Image::reflow(): Implicitly marking parameter $block as nullable is deprecated, the explicit nullable type must be used instead in C:\Apache24\htdocs\omes_app\dompdf\vendor\dompdf\dompdf\src\FrameReflower\Image.php on line 33
[08-Aug-2025 08:26:36 UTC] PHP Deprecated:  Dompdf\Options::__construct(): Implicitly marking parameter $attributes as nullable is deprecated, the explicit nullable type must be used instead in C:\Apache24\htdocs\omes_app\dompdf\vendor\dompdf\dompdf\src\Options.php on line 312
[08-Aug-2025 08:26:42 UTC] PHP Deprecated:  Dompdf\Options::__construct(): Implicitly marking parameter $attributes as nullable is deprecated, the explicit nullable type must be used instead in C:\Apache24\htdocs\omes_app\dompdf\vendor\dompdf\dompdf\src\Options.php on line 312
[08-Aug-2025 08:26:51 UTC] PHP Deprecated:  Dompdf\Options::__construct(): Implicitly marking parameter $attributes as nullable is deprecated, the explicit nullable type must be used instead in C:\Apache24\htdocs\omes_app\dompdf\vendor\dompdf\dompdf\src\Options.php on line 312
[08-Aug-2025 08:26:51 UTC] PHP Deprecated:  Dompdf\FrameDecorator\AbstractFrameDecorator::reflow(): Implicitly marking parameter $block as nullable is deprecated, the explicit nullable type must be used instead in C:\Apache24\htdocs\omes_app\dompdf\vendor\dompdf\dompdf\src\FrameDecorator\AbstractFrameDecorator.php on line 908
[08-Aug-2025 08:26:51 UTC] PHP Deprecated:  Dompdf\FrameReflower\Page::reflow(): Implicitly marking parameter $block as nullable is deprecated, the explicit nullable type must be used instead in C:\Apache24\htdocs\omes_app\dompdf\vendor\dompdf\dompdf\src\FrameReflower\Page.php on line 94
[08-Aug-2025 08:26:51 UTC] PHP Deprecated:  Dompdf\FrameReflower\AbstractFrameReflower::reflow(): Implicitly marking parameter $block as nullable is deprecated, the explicit nullable type must be used instead in C:\Apache24\htdocs\omes_app\dompdf\vendor\dompdf\dompdf\src\FrameReflower\AbstractFrameReflower.php on line 290
[08-Aug-2025 08:26:51 UTC] PHP Deprecated:  Dompdf\FrameReflower\Block::reflow(): Implicitly marking parameter $block as nullable is deprecated, the explicit nullable type must be used instead in C:\Apache24\htdocs\omes_app\dompdf\vendor\dompdf\dompdf\src\FrameReflower\Block.php on line 781
[08-Aug-2025 08:26:51 UTC] PHP Deprecated:  Dompdf\FrameReflower\Inline::reflow(): Implicitly marking parameter $block as nullable is deprecated, the explicit nullable type must be used instead in C:\Apache24\htdocs\omes_app\dompdf\vendor\dompdf\dompdf\src\FrameReflower\Inline.php on line 77
[08-Aug-2025 08:26:51 UTC] PHP Deprecated:  Dompdf\FrameReflower\Text::reflow(): Implicitly marking parameter $block as nullable is deprecated, the explicit nullable type must be used instead in C:\Apache24\htdocs\omes_app\dompdf\vendor\dompdf\dompdf\src\FrameReflower\Text.php on line 377
[08-Aug-2025 08:26:51 UTC] PHP Deprecated:  Dompdf\FrameReflower\Table::reflow(): Implicitly marking parameter $block as nullable is deprecated, the explicit nullable type must be used instead in C:\Apache24\htdocs\omes_app\dompdf\vendor\dompdf\dompdf\src\FrameReflower\Table.php on line 299
[08-Aug-2025 08:26:51 UTC] PHP Deprecated:  Dompdf\FrameReflower\TableRowGroup::reflow(): Implicitly marking parameter $block as nullable is deprecated, the explicit nullable type must be used instead in C:\Apache24\htdocs\omes_app\dompdf\vendor\dompdf\dompdf\src\FrameReflower\TableRowGroup.php on line 33
[08-Aug-2025 08:26:51 UTC] PHP Deprecated:  Dompdf\FrameReflower\TableRow::reflow(): Implicitly marking parameter $block as nullable is deprecated, the explicit nullable type must be used instead in C:\Apache24\htdocs\omes_app\dompdf\vendor\dompdf\dompdf\src\FrameReflower\TableRow.php on line 33
[08-Aug-2025 08:26:51 UTC] PHP Deprecated:  Dompdf\FrameReflower\TableCell::reflow(): Implicitly marking parameter $block as nullable is deprecated, the explicit nullable type must be used instead in C:\Apache24\htdocs\omes_app\dompdf\vendor\dompdf\dompdf\src\FrameReflower\TableCell.php on line 32
[08-Aug-2025 08:26:51 UTC] PHP Deprecated:  Dompdf\FrameReflower\Image::reflow(): Implicitly marking parameter $block as nullable is deprecated, the explicit nullable type must be used instead in C:\Apache24\htdocs\omes_app\dompdf\vendor\dompdf\dompdf\src\FrameReflower\Image.php on line 33
[08-Aug-2025 08:27:08 UTC] PHP Deprecated:  Dompdf\Options::__construct(): Implicitly marking parameter $attributes as nullable is deprecated, the explicit nullable type must be used instead in C:\Apache24\htdocs\omes_app\dompdf\vendor\dompdf\dompdf\src\Options.php on line 312
[08-Aug-2025 08:27:16 UTC] PHP Deprecated:  Dompdf\Options::__construct(): Implicitly marking parameter $attributes as nullable is deprecated, the explicit nullable type must be used instead in C:\Apache24\htdocs\omes_app\dompdf\vendor\dompdf\dompdf\src\Options.php on line 312
[08-Aug-2025 08:27:17 UTC] PHP Deprecated:  Dompdf\FrameDecorator\AbstractFrameDecorator::reflow(): Implicitly marking parameter $block as nullable is deprecated, the explicit nullable type must be used instead in C:\Apache24\htdocs\omes_app\dompdf\vendor\dompdf\dompdf\src\FrameDecorator\AbstractFrameDecorator.php on line 908
[08-Aug-2025 08:27:17 UTC] PHP Deprecated:  Dompdf\FrameReflower\Page::reflow(): Implicitly marking parameter $block as nullable is deprecated, the explicit nullable type must be used instead in C:\Apache24\htdocs\omes_app\dompdf\vendor\dompdf\dompdf\src\FrameReflower\Page.php on line 94
[08-Aug-2025 08:27:17 UTC] PHP Deprecated:  Dompdf\FrameReflower\AbstractFrameReflower::reflow(): Implicitly marking parameter $block as nullable is deprecated, the explicit nullable type must be used instead in C:\Apache24\htdocs\omes_app\dompdf\vendor\dompdf\dompdf\src\FrameReflower\AbstractFrameReflower.php on line 290
[08-Aug-2025 08:27:17 UTC] PHP Deprecated:  Dompdf\FrameReflower\Block::reflow(): Implicitly marking parameter $block as nullable is deprecated, the explicit nullable type must be used instead in C:\Apache24\htdocs\omes_app\dompdf\vendor\dompdf\dompdf\src\FrameReflower\Block.php on line 781
[08-Aug-2025 08:27:17 UTC] PHP Deprecated:  Dompdf\FrameReflower\Text::reflow(): Implicitly marking parameter $block as nullable is deprecated, the explicit nullable type must be used instead in C:\Apache24\htdocs\omes_app\dompdf\vendor\dompdf\dompdf\src\FrameReflower\Text.php on line 377
[08-Aug-2025 08:27:17 UTC] PHP Deprecated:  Dompdf\FrameReflower\Table::reflow(): Implicitly marking parameter $block as nullable is deprecated, the explicit nullable type must be used instead in C:\Apache24\htdocs\omes_app\dompdf\vendor\dompdf\dompdf\src\FrameReflower\Table.php on line 299
[08-Aug-2025 08:27:17 UTC] PHP Deprecated:  Dompdf\FrameReflower\TableRowGroup::reflow(): Implicitly marking parameter $block as nullable is deprecated, the explicit nullable type must be used instead in C:\Apache24\htdocs\omes_app\dompdf\vendor\dompdf\dompdf\src\FrameReflower\TableRowGroup.php on line 33
[08-Aug-2025 08:27:17 UTC] PHP Deprecated:  Dompdf\FrameReflower\TableRow::reflow(): Implicitly marking parameter $block as nullable is deprecated, the explicit nullable type must be used instead in C:\Apache24\htdocs\omes_app\dompdf\vendor\dompdf\dompdf\src\FrameReflower\TableRow.php on line 33
[08-Aug-2025 08:27:17 UTC] PHP Deprecated:  Dompdf\FrameReflower\TableCell::reflow(): Implicitly marking parameter $block as nullable is deprecated, the explicit nullable type must be used instead in C:\Apache24\htdocs\omes_app\dompdf\vendor\dompdf\dompdf\src\FrameReflower\TableCell.php on line 32
[08-Aug-2025 08:27:17 UTC] PHP Deprecated:  Dompdf\FrameReflower\Image::reflow(): Implicitly marking parameter $block as nullable is deprecated, the explicit nullable type must be used instead in C:\Apache24\htdocs\omes_app\dompdf\vendor\dompdf\dompdf\src\FrameReflower\Image.php on line 33
[08-Aug-2025 08:27:17 UTC] PHP Deprecated:  Dompdf\FrameReflower\Inline::reflow(): Implicitly marking parameter $block as nullable is deprecated, the explicit nullable type must be used instead in C:\Apache24\htdocs\omes_app\dompdf\vendor\dompdf\dompdf\src\FrameReflower\Inline.php on line 77
[08-Aug-2025 08:29:09 UTC] PHP Deprecated:  Dompdf\Options::__construct(): Implicitly marking parameter $attributes as nullable is deprecated, the explicit nullable type must be used instead in C:\Apache24\htdocs\omes_app\dompdf\vendor\dompdf\dompdf\src\Options.php on line 312
[08-Aug-2025 08:29:10 UTC] PHP Deprecated:  Dompdf\FrameDecorator\AbstractFrameDecorator::reflow(): Implicitly marking parameter $block as nullable is deprecated, the explicit nullable type must be used instead in C:\Apache24\htdocs\omes_app\dompdf\vendor\dompdf\dompdf\src\FrameDecorator\AbstractFrameDecorator.php on line 908
[08-Aug-2025 08:29:10 UTC] PHP Deprecated:  Dompdf\FrameReflower\Page::reflow(): Implicitly marking parameter $block as nullable is deprecated, the explicit nullable type must be used instead in C:\Apache24\htdocs\omes_app\dompdf\vendor\dompdf\dompdf\src\FrameReflower\Page.php on line 94
[08-Aug-2025 08:29:10 UTC] PHP Deprecated:  Dompdf\FrameReflower\AbstractFrameReflower::reflow(): Implicitly marking parameter $block as nullable is deprecated, the explicit nullable type must be used instead in C:\Apache24\htdocs\omes_app\dompdf\vendor\dompdf\dompdf\src\FrameReflower\AbstractFrameReflower.php on line 290
[08-Aug-2025 08:29:10 UTC] PHP Deprecated:  Dompdf\FrameReflower\Block::reflow(): Implicitly marking parameter $block as nullable is deprecated, the explicit nullable type must be used instead in C:\Apache24\htdocs\omes_app\dompdf\vendor\dompdf\dompdf\src\FrameReflower\Block.php on line 781
[08-Aug-2025 08:29:10 UTC] PHP Deprecated:  Dompdf\FrameReflower\Text::reflow(): Implicitly marking parameter $block as nullable is deprecated, the explicit nullable type must be used instead in C:\Apache24\htdocs\omes_app\dompdf\vendor\dompdf\dompdf\src\FrameReflower\Text.php on line 377
[08-Aug-2025 08:29:10 UTC] PHP Deprecated:  Dompdf\FrameReflower\Table::reflow(): Implicitly marking parameter $block as nullable is deprecated, the explicit nullable type must be used instead in C:\Apache24\htdocs\omes_app\dompdf\vendor\dompdf\dompdf\src\FrameReflower\Table.php on line 299
[08-Aug-2025 08:29:10 UTC] PHP Deprecated:  Dompdf\FrameReflower\TableRowGroup::reflow(): Implicitly marking parameter $block as nullable is deprecated, the explicit nullable type must be used instead in C:\Apache24\htdocs\omes_app\dompdf\vendor\dompdf\dompdf\src\FrameReflower\TableRowGroup.php on line 33
[08-Aug-2025 08:29:10 UTC] PHP Deprecated:  Dompdf\FrameReflower\TableRow::reflow(): Implicitly marking parameter $block as nullable is deprecated, the explicit nullable type must be used instead in C:\Apache24\htdocs\omes_app\dompdf\vendor\dompdf\dompdf\src\FrameReflower\TableRow.php on line 33
[08-Aug-2025 08:29:10 UTC] PHP Deprecated:  Dompdf\FrameReflower\TableCell::reflow(): Implicitly marking parameter $block as nullable is deprecated, the explicit nullable type must be used instead in C:\Apache24\htdocs\omes_app\dompdf\vendor\dompdf\dompdf\src\FrameReflower\TableCell.php on line 32
[08-Aug-2025 08:29:10 UTC] PHP Deprecated:  Dompdf\FrameReflower\Image::reflow(): Implicitly marking parameter $block as nullable is deprecated, the explicit nullable type must be used instead in C:\Apache24\htdocs\omes_app\dompdf\vendor\dompdf\dompdf\src\FrameReflower\Image.php on line 33
[08-Aug-2025 08:29:10 UTC] PHP Deprecated:  Dompdf\FrameReflower\Inline::reflow(): Implicitly marking parameter $block as nullable is deprecated, the explicit nullable type must be used instead in C:\Apache24\htdocs\omes_app\dompdf\vendor\dompdf\dompdf\src\FrameReflower\Inline.php on line 77
[08-Aug-2025 08:29:30 UTC] PHP Deprecated:  Dompdf\Options::__construct(): Implicitly marking parameter $attributes as nullable is deprecated, the explicit nullable type must be used instead in C:\Apache24\htdocs\omes_app\dompdf\vendor\dompdf\dompdf\src\Options.php on line 312
[08-Aug-2025 08:29:31 UTC] PHP Deprecated:  Dompdf\FrameDecorator\AbstractFrameDecorator::reflow(): Implicitly marking parameter $block as nullable is deprecated, the explicit nullable type must be used instead in C:\Apache24\htdocs\omes_app\dompdf\vendor\dompdf\dompdf\src\FrameDecorator\AbstractFrameDecorator.php on line 908
[08-Aug-2025 08:29:31 UTC] PHP Deprecated:  Dompdf\FrameReflower\Page::reflow(): Implicitly marking parameter $block as nullable is deprecated, the explicit nullable type must be used instead in C:\Apache24\htdocs\omes_app\dompdf\vendor\dompdf\dompdf\src\FrameReflower\Page.php on line 94
[08-Aug-2025 08:29:31 UTC] PHP Deprecated:  Dompdf\FrameReflower\AbstractFrameReflower::reflow(): Implicitly marking parameter $block as nullable is deprecated, the explicit nullable type must be used instead in C:\Apache24\htdocs\omes_app\dompdf\vendor\dompdf\dompdf\src\FrameReflower\AbstractFrameReflower.php on line 290
[08-Aug-2025 08:29:31 UTC] PHP Deprecated:  Dompdf\FrameReflower\Block::reflow(): Implicitly marking parameter $block as nullable is deprecated, the explicit nullable type must be used instead in C:\Apache24\htdocs\omes_app\dompdf\vendor\dompdf\dompdf\src\FrameReflower\Block.php on line 781
[08-Aug-2025 08:29:31 UTC] PHP Deprecated:  Dompdf\FrameReflower\Text::reflow(): Implicitly marking parameter $block as nullable is deprecated, the explicit nullable type must be used instead in C:\Apache24\htdocs\omes_app\dompdf\vendor\dompdf\dompdf\src\FrameReflower\Text.php on line 377
[08-Aug-2025 08:29:31 UTC] PHP Deprecated:  Dompdf\FrameReflower\Table::reflow(): Implicitly marking parameter $block as nullable is deprecated, the explicit nullable type must be used instead in C:\Apache24\htdocs\omes_app\dompdf\vendor\dompdf\dompdf\src\FrameReflower\Table.php on line 299
[08-Aug-2025 08:29:31 UTC] PHP Deprecated:  Dompdf\FrameReflower\TableRowGroup::reflow(): Implicitly marking parameter $block as nullable is deprecated, the explicit nullable type must be used instead in C:\Apache24\htdocs\omes_app\dompdf\vendor\dompdf\dompdf\src\FrameReflower\TableRowGroup.php on line 33
[08-Aug-2025 08:29:31 UTC] PHP Deprecated:  Dompdf\FrameReflower\TableRow::reflow(): Implicitly marking parameter $block as nullable is deprecated, the explicit nullable type must be used instead in C:\Apache24\htdocs\omes_app\dompdf\vendor\dompdf\dompdf\src\FrameReflower\TableRow.php on line 33
[08-Aug-2025 08:29:31 UTC] PHP Deprecated:  Dompdf\FrameReflower\TableCell::reflow(): Implicitly marking parameter $block as nullable is deprecated, the explicit nullable type must be used instead in C:\Apache24\htdocs\omes_app\dompdf\vendor\dompdf\dompdf\src\FrameReflower\TableCell.php on line 32
[08-Aug-2025 08:29:31 UTC] PHP Deprecated:  Dompdf\FrameReflower\Image::reflow(): Implicitly marking parameter $block as nullable is deprecated, the explicit nullable type must be used instead in C:\Apache24\htdocs\omes_app\dompdf\vendor\dompdf\dompdf\src\FrameReflower\Image.php on line 33
[08-Aug-2025 08:29:31 UTC] PHP Deprecated:  Dompdf\FrameReflower\Inline::reflow(): Implicitly marking parameter $block as nullable is deprecated, the explicit nullable type must be used instead in C:\Apache24\htdocs\omes_app\dompdf\vendor\dompdf\dompdf\src\FrameReflower\Inline.php on line 77
[08-Aug-2025 08:29:55 UTC] PHP Deprecated:  Dompdf\Options::__construct(): Implicitly marking parameter $attributes as nullable is deprecated, the explicit nullable type must be used instead in C:\Apache24\htdocs\omes_app\dompdf\vendor\dompdf\dompdf\src\Options.php on line 312
[08-Aug-2025 08:29:55 UTC] PHP Deprecated:  Dompdf\FrameDecorator\AbstractFrameDecorator::reflow(): Implicitly marking parameter $block as nullable is deprecated, the explicit nullable type must be used instead in C:\Apache24\htdocs\omes_app\dompdf\vendor\dompdf\dompdf\src\FrameDecorator\AbstractFrameDecorator.php on line 908
[08-Aug-2025 08:29:55 UTC] PHP Deprecated:  Dompdf\FrameReflower\Page::reflow(): Implicitly marking parameter $block as nullable is deprecated, the explicit nullable type must be used instead in C:\Apache24\htdocs\omes_app\dompdf\vendor\dompdf\dompdf\src\FrameReflower\Page.php on line 94
[08-Aug-2025 08:29:55 UTC] PHP Deprecated:  Dompdf\FrameReflower\AbstractFrameReflower::reflow(): Implicitly marking parameter $block as nullable is deprecated, the explicit nullable type must be used instead in C:\Apache24\htdocs\omes_app\dompdf\vendor\dompdf\dompdf\src\FrameReflower\AbstractFrameReflower.php on line 290
[08-Aug-2025 08:29:55 UTC] PHP Deprecated:  Dompdf\FrameReflower\Block::reflow(): Implicitly marking parameter $block as nullable is deprecated, the explicit nullable type must be used instead in C:\Apache24\htdocs\omes_app\dompdf\vendor\dompdf\dompdf\src\FrameReflower\Block.php on line 781
[08-Aug-2025 08:29:55 UTC] PHP Deprecated:  Dompdf\FrameReflower\Text::reflow(): Implicitly marking parameter $block as nullable is deprecated, the explicit nullable type must be used instead in C:\Apache24\htdocs\omes_app\dompdf\vendor\dompdf\dompdf\src\FrameReflower\Text.php on line 377
[08-Aug-2025 08:29:55 UTC] PHP Deprecated:  Dompdf\FrameReflower\Table::reflow(): Implicitly marking parameter $block as nullable is deprecated, the explicit nullable type must be used instead in C:\Apache24\htdocs\omes_app\dompdf\vendor\dompdf\dompdf\src\FrameReflower\Table.php on line 299
[08-Aug-2025 08:29:55 UTC] PHP Deprecated:  Dompdf\FrameReflower\TableRowGroup::reflow(): Implicitly marking parameter $block as nullable is deprecated, the explicit nullable type must be used instead in C:\Apache24\htdocs\omes_app\dompdf\vendor\dompdf\dompdf\src\FrameReflower\TableRowGroup.php on line 33
[08-Aug-2025 08:29:55 UTC] PHP Deprecated:  Dompdf\FrameReflower\TableRow::reflow(): Implicitly marking parameter $block as nullable is deprecated, the explicit nullable type must be used instead in C:\Apache24\htdocs\omes_app\dompdf\vendor\dompdf\dompdf\src\FrameReflower\TableRow.php on line 33
[08-Aug-2025 08:29:55 UTC] PHP Deprecated:  Dompdf\FrameReflower\TableCell::reflow(): Implicitly marking parameter $block as nullable is deprecated, the explicit nullable type must be used instead in C:\Apache24\htdocs\omes_app\dompdf\vendor\dompdf\dompdf\src\FrameReflower\TableCell.php on line 32
[08-Aug-2025 08:29:55 UTC] PHP Deprecated:  Dompdf\FrameReflower\Image::reflow(): Implicitly marking parameter $block as nullable is deprecated, the explicit nullable type must be used instead in C:\Apache24\htdocs\omes_app\dompdf\vendor\dompdf\dompdf\src\FrameReflower\Image.php on line 33
[08-Aug-2025 08:29:55 UTC] PHP Deprecated:  Dompdf\FrameReflower\Inline::reflow(): Implicitly marking parameter $block as nullable is deprecated, the explicit nullable type must be used instead in C:\Apache24\htdocs\omes_app\dompdf\vendor\dompdf\dompdf\src\FrameReflower\Inline.php on line 77
[08-Aug-2025 08:30:08 UTC] PHP Deprecated:  Dompdf\Options::__construct(): Implicitly marking parameter $attributes as nullable is deprecated, the explicit nullable type must be used instead in C:\Apache24\htdocs\omes_app\dompdf\vendor\dompdf\dompdf\src\Options.php on line 312
[08-Aug-2025 08:30:08 UTC] PHP Deprecated:  Dompdf\FrameDecorator\AbstractFrameDecorator::reflow(): Implicitly marking parameter $block as nullable is deprecated, the explicit nullable type must be used instead in C:\Apache24\htdocs\omes_app\dompdf\vendor\dompdf\dompdf\src\FrameDecorator\AbstractFrameDecorator.php on line 908
[08-Aug-2025 08:30:08 UTC] PHP Deprecated:  Dompdf\FrameReflower\Page::reflow(): Implicitly marking parameter $block as nullable is deprecated, the explicit nullable type must be used instead in C:\Apache24\htdocs\omes_app\dompdf\vendor\dompdf\dompdf\src\FrameReflower\Page.php on line 94
[08-Aug-2025 08:30:08 UTC] PHP Deprecated:  Dompdf\FrameReflower\AbstractFrameReflower::reflow(): Implicitly marking parameter $block as nullable is deprecated, the explicit nullable type must be used instead in C:\Apache24\htdocs\omes_app\dompdf\vendor\dompdf\dompdf\src\FrameReflower\AbstractFrameReflower.php on line 290
[08-Aug-2025 08:30:08 UTC] PHP Deprecated:  Dompdf\FrameReflower\Block::reflow(): Implicitly marking parameter $block as nullable is deprecated, the explicit nullable type must be used instead in C:\Apache24\htdocs\omes_app\dompdf\vendor\dompdf\dompdf\src\FrameReflower\Block.php on line 781
[08-Aug-2025 08:30:08 UTC] PHP Deprecated:  Dompdf\FrameReflower\Text::reflow(): Implicitly marking parameter $block as nullable is deprecated, the explicit nullable type must be used instead in C:\Apache24\htdocs\omes_app\dompdf\vendor\dompdf\dompdf\src\FrameReflower\Text.php on line 377
[08-Aug-2025 08:30:08 UTC] PHP Deprecated:  Dompdf\FrameReflower\Table::reflow(): Implicitly marking parameter $block as nullable is deprecated, the explicit nullable type must be used instead in C:\Apache24\htdocs\omes_app\dompdf\vendor\dompdf\dompdf\src\FrameReflower\Table.php on line 299
[08-Aug-2025 08:30:08 UTC] PHP Deprecated:  Dompdf\FrameReflower\TableRowGroup::reflow(): Implicitly marking parameter $block as nullable is deprecated, the explicit nullable type must be used instead in C:\Apache24\htdocs\omes_app\dompdf\vendor\dompdf\dompdf\src\FrameReflower\TableRowGroup.php on line 33
[08-Aug-2025 08:30:08 UTC] PHP Deprecated:  Dompdf\FrameReflower\TableRow::reflow(): Implicitly marking parameter $block as nullable is deprecated, the explicit nullable type must be used instead in C:\Apache24\htdocs\omes_app\dompdf\vendor\dompdf\dompdf\src\FrameReflower\TableRow.php on line 33
[08-Aug-2025 08:30:08 UTC] PHP Deprecated:  Dompdf\FrameReflower\TableCell::reflow(): Implicitly marking parameter $block as nullable is deprecated, the explicit nullable type must be used instead in C:\Apache24\htdocs\omes_app\dompdf\vendor\dompdf\dompdf\src\FrameReflower\TableCell.php on line 32
[08-Aug-2025 08:30:08 UTC] PHP Deprecated:  Dompdf\FrameReflower\Image::reflow(): Implicitly marking parameter $block as nullable is deprecated, the explicit nullable type must be used instead in C:\Apache24\htdocs\omes_app\dompdf\vendor\dompdf\dompdf\src\FrameReflower\Image.php on line 33
[08-Aug-2025 08:30:08 UTC] PHP Deprecated:  Dompdf\FrameReflower\Inline::reflow(): Implicitly marking parameter $block as nullable is deprecated, the explicit nullable type must be used instead in C:\Apache24\htdocs\omes_app\dompdf\vendor\dompdf\dompdf\src\FrameReflower\Inline.php on line 77
[08-Aug-2025 08:30:28 UTC] PHP Deprecated:  Dompdf\Options::__construct(): Implicitly marking parameter $attributes as nullable is deprecated, the explicit nullable type must be used instead in C:\Apache24\htdocs\omes_app\dompdf\vendor\dompdf\dompdf\src\Options.php on line 312
[08-Aug-2025 08:30:28 UTC] PHP Deprecated:  Dompdf\FrameDecorator\AbstractFrameDecorator::reflow(): Implicitly marking parameter $block as nullable is deprecated, the explicit nullable type must be used instead in C:\Apache24\htdocs\omes_app\dompdf\vendor\dompdf\dompdf\src\FrameDecorator\AbstractFrameDecorator.php on line 908
[08-Aug-2025 08:30:28 UTC] PHP Deprecated:  Dompdf\FrameReflower\Page::reflow(): Implicitly marking parameter $block as nullable is deprecated, the explicit nullable type must be used instead in C:\Apache24\htdocs\omes_app\dompdf\vendor\dompdf\dompdf\src\FrameReflower\Page.php on line 94
[08-Aug-2025 08:30:28 UTC] PHP Deprecated:  Dompdf\FrameReflower\AbstractFrameReflower::reflow(): Implicitly marking parameter $block as nullable is deprecated, the explicit nullable type must be used instead in C:\Apache24\htdocs\omes_app\dompdf\vendor\dompdf\dompdf\src\FrameReflower\AbstractFrameReflower.php on line 290
[08-Aug-2025 08:30:28 UTC] PHP Deprecated:  Dompdf\FrameReflower\Block::reflow(): Implicitly marking parameter $block as nullable is deprecated, the explicit nullable type must be used instead in C:\Apache24\htdocs\omes_app\dompdf\vendor\dompdf\dompdf\src\FrameReflower\Block.php on line 781
[08-Aug-2025 08:30:28 UTC] PHP Deprecated:  Dompdf\FrameReflower\Text::reflow(): Implicitly marking parameter $block as nullable is deprecated, the explicit nullable type must be used instead in C:\Apache24\htdocs\omes_app\dompdf\vendor\dompdf\dompdf\src\FrameReflower\Text.php on line 377
[08-Aug-2025 08:30:28 UTC] PHP Deprecated:  Dompdf\FrameReflower\Table::reflow(): Implicitly marking parameter $block as nullable is deprecated, the explicit nullable type must be used instead in C:\Apache24\htdocs\omes_app\dompdf\vendor\dompdf\dompdf\src\FrameReflower\Table.php on line 299
[08-Aug-2025 08:30:28 UTC] PHP Deprecated:  Dompdf\FrameReflower\TableRowGroup::reflow(): Implicitly marking parameter $block as nullable is deprecated, the explicit nullable type must be used instead in C:\Apache24\htdocs\omes_app\dompdf\vendor\dompdf\dompdf\src\FrameReflower\TableRowGroup.php on line 33
[08-Aug-2025 08:30:28 UTC] PHP Deprecated:  Dompdf\FrameReflower\TableRow::reflow(): Implicitly marking parameter $block as nullable is deprecated, the explicit nullable type must be used instead in C:\Apache24\htdocs\omes_app\dompdf\vendor\dompdf\dompdf\src\FrameReflower\TableRow.php on line 33
[08-Aug-2025 08:30:28 UTC] PHP Deprecated:  Dompdf\FrameReflower\TableCell::reflow(): Implicitly marking parameter $block as nullable is deprecated, the explicit nullable type must be used instead in C:\Apache24\htdocs\omes_app\dompdf\vendor\dompdf\dompdf\src\FrameReflower\TableCell.php on line 32
[08-Aug-2025 08:30:28 UTC] PHP Deprecated:  Dompdf\FrameReflower\Image::reflow(): Implicitly marking parameter $block as nullable is deprecated, the explicit nullable type must be used instead in C:\Apache24\htdocs\omes_app\dompdf\vendor\dompdf\dompdf\src\FrameReflower\Image.php on line 33
[08-Aug-2025 08:30:28 UTC] PHP Deprecated:  Dompdf\FrameReflower\Inline::reflow(): Implicitly marking parameter $block as nullable is deprecated, the explicit nullable type must be used instead in C:\Apache24\htdocs\omes_app\dompdf\vendor\dompdf\dompdf\src\FrameReflower\Inline.php on line 77
[08-Aug-2025 08:32:50 UTC] PHP Deprecated:  Dompdf\Options::__construct(): Implicitly marking parameter $attributes as nullable is deprecated, the explicit nullable type must be used instead in C:\Apache24\htdocs\omes_app\dompdf\vendor\dompdf\dompdf\src\Options.php on line 312
[08-Aug-2025 08:32:50 UTC] PHP Deprecated:  Dompdf\FrameDecorator\AbstractFrameDecorator::reflow(): Implicitly marking parameter $block as nullable is deprecated, the explicit nullable type must be used instead in C:\Apache24\htdocs\omes_app\dompdf\vendor\dompdf\dompdf\src\FrameDecorator\AbstractFrameDecorator.php on line 908
[08-Aug-2025 08:32:50 UTC] PHP Deprecated:  Dompdf\FrameReflower\Page::reflow(): Implicitly marking parameter $block as nullable is deprecated, the explicit nullable type must be used instead in C:\Apache24\htdocs\omes_app\dompdf\vendor\dompdf\dompdf\src\FrameReflower\Page.php on line 94
[08-Aug-2025 08:32:50 UTC] PHP Deprecated:  Dompdf\FrameReflower\AbstractFrameReflower::reflow(): Implicitly marking parameter $block as nullable is deprecated, the explicit nullable type must be used instead in C:\Apache24\htdocs\omes_app\dompdf\vendor\dompdf\dompdf\src\FrameReflower\AbstractFrameReflower.php on line 290
[08-Aug-2025 08:32:50 UTC] PHP Deprecated:  Dompdf\FrameReflower\Block::reflow(): Implicitly marking parameter $block as nullable is deprecated, the explicit nullable type must be used instead in C:\Apache24\htdocs\omes_app\dompdf\vendor\dompdf\dompdf\src\FrameReflower\Block.php on line 781
[08-Aug-2025 08:32:50 UTC] PHP Deprecated:  Dompdf\FrameReflower\Text::reflow(): Implicitly marking parameter $block as nullable is deprecated, the explicit nullable type must be used instead in C:\Apache24\htdocs\omes_app\dompdf\vendor\dompdf\dompdf\src\FrameReflower\Text.php on line 377
[08-Aug-2025 08:32:50 UTC] PHP Deprecated:  Dompdf\FrameReflower\Table::reflow(): Implicitly marking parameter $block as nullable is deprecated, the explicit nullable type must be used instead in C:\Apache24\htdocs\omes_app\dompdf\vendor\dompdf\dompdf\src\FrameReflower\Table.php on line 299
[08-Aug-2025 08:32:50 UTC] PHP Deprecated:  Dompdf\FrameReflower\TableRowGroup::reflow(): Implicitly marking parameter $block as nullable is deprecated, the explicit nullable type must be used instead in C:\Apache24\htdocs\omes_app\dompdf\vendor\dompdf\dompdf\src\FrameReflower\TableRowGroup.php on line 33
[08-Aug-2025 08:32:50 UTC] PHP Deprecated:  Dompdf\FrameReflower\TableRow::reflow(): Implicitly marking parameter $block as nullable is deprecated, the explicit nullable type must be used instead in C:\Apache24\htdocs\omes_app\dompdf\vendor\dompdf\dompdf\src\FrameReflower\TableRow.php on line 33
[08-Aug-2025 08:32:50 UTC] PHP Deprecated:  Dompdf\FrameReflower\TableCell::reflow(): Implicitly marking parameter $block as nullable is deprecated, the explicit nullable type must be used instead in C:\Apache24\htdocs\omes_app\dompdf\vendor\dompdf\dompdf\src\FrameReflower\TableCell.php on line 32
[08-Aug-2025 08:32:50 UTC] PHP Deprecated:  Dompdf\FrameReflower\Image::reflow(): Implicitly marking parameter $block as nullable is deprecated, the explicit nullable type must be used instead in C:\Apache24\htdocs\omes_app\dompdf\vendor\dompdf\dompdf\src\FrameReflower\Image.php on line 33
[08-Aug-2025 08:32:50 UTC] PHP Deprecated:  Dompdf\FrameReflower\Inline::reflow(): Implicitly marking parameter $block as nullable is deprecated, the explicit nullable type must be used instead in C:\Apache24\htdocs\omes_app\dompdf\vendor\dompdf\dompdf\src\FrameReflower\Inline.php on line 77
[08-Aug-2025 08:33:09 UTC] PHP Deprecated:  Dompdf\Options::__construct(): Implicitly marking parameter $attributes as nullable is deprecated, the explicit nullable type must be used instead in C:\Apache24\htdocs\omes_app\dompdf\vendor\dompdf\dompdf\src\Options.php on line 312
[08-Aug-2025 08:33:10 UTC] PHP Deprecated:  Dompdf\FrameDecorator\AbstractFrameDecorator::reflow(): Implicitly marking parameter $block as nullable is deprecated, the explicit nullable type must be used instead in C:\Apache24\htdocs\omes_app\dompdf\vendor\dompdf\dompdf\src\FrameDecorator\AbstractFrameDecorator.php on line 908
[08-Aug-2025 08:33:10 UTC] PHP Deprecated:  Dompdf\FrameReflower\Page::reflow(): Implicitly marking parameter $block as nullable is deprecated, the explicit nullable type must be used instead in C:\Apache24\htdocs\omes_app\dompdf\vendor\dompdf\dompdf\src\FrameReflower\Page.php on line 94
[08-Aug-2025 08:33:10 UTC] PHP Deprecated:  Dompdf\FrameReflower\AbstractFrameReflower::reflow(): Implicitly marking parameter $block as nullable is deprecated, the explicit nullable type must be used instead in C:\Apache24\htdocs\omes_app\dompdf\vendor\dompdf\dompdf\src\FrameReflower\AbstractFrameReflower.php on line 290
[08-Aug-2025 08:33:10 UTC] PHP Deprecated:  Dompdf\FrameReflower\Block::reflow(): Implicitly marking parameter $block as nullable is deprecated, the explicit nullable type must be used instead in C:\Apache24\htdocs\omes_app\dompdf\vendor\dompdf\dompdf\src\FrameReflower\Block.php on line 781
[08-Aug-2025 08:33:10 UTC] PHP Deprecated:  Dompdf\FrameReflower\Text::reflow(): Implicitly marking parameter $block as nullable is deprecated, the explicit nullable type must be used instead in C:\Apache24\htdocs\omes_app\dompdf\vendor\dompdf\dompdf\src\FrameReflower\Text.php on line 377
[08-Aug-2025 08:33:10 UTC] PHP Deprecated:  Dompdf\FrameReflower\Table::reflow(): Implicitly marking parameter $block as nullable is deprecated, the explicit nullable type must be used instead in C:\Apache24\htdocs\omes_app\dompdf\vendor\dompdf\dompdf\src\FrameReflower\Table.php on line 299
[08-Aug-2025 08:33:10 UTC] PHP Deprecated:  Dompdf\FrameReflower\TableRowGroup::reflow(): Implicitly marking parameter $block as nullable is deprecated, the explicit nullable type must be used instead in C:\Apache24\htdocs\omes_app\dompdf\vendor\dompdf\dompdf\src\FrameReflower\TableRowGroup.php on line 33
[08-Aug-2025 08:33:10 UTC] PHP Deprecated:  Dompdf\FrameReflower\TableRow::reflow(): Implicitly marking parameter $block as nullable is deprecated, the explicit nullable type must be used instead in C:\Apache24\htdocs\omes_app\dompdf\vendor\dompdf\dompdf\src\FrameReflower\TableRow.php on line 33
[08-Aug-2025 08:33:10 UTC] PHP Deprecated:  Dompdf\FrameReflower\TableCell::reflow(): Implicitly marking parameter $block as nullable is deprecated, the explicit nullable type must be used instead in C:\Apache24\htdocs\omes_app\dompdf\vendor\dompdf\dompdf\src\FrameReflower\TableCell.php on line 32
[08-Aug-2025 08:33:10 UTC] PHP Deprecated:  Dompdf\FrameReflower\Image::reflow(): Implicitly marking parameter $block as nullable is deprecated, the explicit nullable type must be used instead in C:\Apache24\htdocs\omes_app\dompdf\vendor\dompdf\dompdf\src\FrameReflower\Image.php on line 33
[08-Aug-2025 08:33:10 UTC] PHP Deprecated:  Dompdf\FrameReflower\Inline::reflow(): Implicitly marking parameter $block as nullable is deprecated, the explicit nullable type must be used instead in C:\Apache24\htdocs\omes_app\dompdf\vendor\dompdf\dompdf\src\FrameReflower\Inline.php on line 77
[08-Aug-2025 08:33:58 UTC] PHP Deprecated:  Dompdf\Options::__construct(): Implicitly marking parameter $attributes as nullable is deprecated, the explicit nullable type must be used instead in C:\Apache24\htdocs\omes_app\dompdf\vendor\dompdf\dompdf\src\Options.php on line 312
[08-Aug-2025 08:33:58 UTC] PHP Deprecated:  Dompdf\FrameDecorator\AbstractFrameDecorator::reflow(): Implicitly marking parameter $block as nullable is deprecated, the explicit nullable type must be used instead in C:\Apache24\htdocs\omes_app\dompdf\vendor\dompdf\dompdf\src\FrameDecorator\AbstractFrameDecorator.php on line 908
[08-Aug-2025 08:33:58 UTC] PHP Deprecated:  Dompdf\FrameReflower\Page::reflow(): Implicitly marking parameter $block as nullable is deprecated, the explicit nullable type must be used instead in C:\Apache24\htdocs\omes_app\dompdf\vendor\dompdf\dompdf\src\FrameReflower\Page.php on line 94
[08-Aug-2025 08:33:58 UTC] PHP Deprecated:  Dompdf\FrameReflower\AbstractFrameReflower::reflow(): Implicitly marking parameter $block as nullable is deprecated, the explicit nullable type must be used instead in C:\Apache24\htdocs\omes_app\dompdf\vendor\dompdf\dompdf\src\FrameReflower\AbstractFrameReflower.php on line 290
[08-Aug-2025 08:33:58 UTC] PHP Deprecated:  Dompdf\FrameReflower\Block::reflow(): Implicitly marking parameter $block as nullable is deprecated, the explicit nullable type must be used instead in C:\Apache24\htdocs\omes_app\dompdf\vendor\dompdf\dompdf\src\FrameReflower\Block.php on line 781
[08-Aug-2025 08:33:58 UTC] PHP Deprecated:  Dompdf\FrameReflower\Text::reflow(): Implicitly marking parameter $block as nullable is deprecated, the explicit nullable type must be used instead in C:\Apache24\htdocs\omes_app\dompdf\vendor\dompdf\dompdf\src\FrameReflower\Text.php on line 377
[08-Aug-2025 08:33:58 UTC] PHP Deprecated:  Dompdf\FrameReflower\Table::reflow(): Implicitly marking parameter $block as nullable is deprecated, the explicit nullable type must be used instead in C:\Apache24\htdocs\omes_app\dompdf\vendor\dompdf\dompdf\src\FrameReflower\Table.php on line 299
[08-Aug-2025 08:33:58 UTC] PHP Deprecated:  Dompdf\FrameReflower\TableRowGroup::reflow(): Implicitly marking parameter $block as nullable is deprecated, the explicit nullable type must be used instead in C:\Apache24\htdocs\omes_app\dompdf\vendor\dompdf\dompdf\src\FrameReflower\TableRowGroup.php on line 33
[08-Aug-2025 08:33:58 UTC] PHP Deprecated:  Dompdf\FrameReflower\TableRow::reflow(): Implicitly marking parameter $block as nullable is deprecated, the explicit nullable type must be used instead in C:\Apache24\htdocs\omes_app\dompdf\vendor\dompdf\dompdf\src\FrameReflower\TableRow.php on line 33
[08-Aug-2025 08:33:58 UTC] PHP Deprecated:  Dompdf\FrameReflower\TableCell::reflow(): Implicitly marking parameter $block as nullable is deprecated, the explicit nullable type must be used instead in C:\Apache24\htdocs\omes_app\dompdf\vendor\dompdf\dompdf\src\FrameReflower\TableCell.php on line 32
[08-Aug-2025 08:33:58 UTC] PHP Deprecated:  Dompdf\FrameReflower\Image::reflow(): Implicitly marking parameter $block as nullable is deprecated, the explicit nullable type must be used instead in C:\Apache24\htdocs\omes_app\dompdf\vendor\dompdf\dompdf\src\FrameReflower\Image.php on line 33
[08-Aug-2025 08:33:58 UTC] PHP Deprecated:  Dompdf\FrameReflower\Inline::reflow(): Implicitly marking parameter $block as nullable is deprecated, the explicit nullable type must be used instead in C:\Apache24\htdocs\omes_app\dompdf\vendor\dompdf\dompdf\src\FrameReflower\Inline.php on line 77
[08-Aug-2025 08:34:14 UTC] PHP Deprecated:  Dompdf\Options::__construct(): Implicitly marking parameter $attributes as nullable is deprecated, the explicit nullable type must be used instead in C:\Apache24\htdocs\omes_app\dompdf\vendor\dompdf\dompdf\src\Options.php on line 312
[08-Aug-2025 08:34:14 UTC] PHP Deprecated:  Dompdf\FrameDecorator\AbstractFrameDecorator::reflow(): Implicitly marking parameter $block as nullable is deprecated, the explicit nullable type must be used instead in C:\Apache24\htdocs\omes_app\dompdf\vendor\dompdf\dompdf\src\FrameDecorator\AbstractFrameDecorator.php on line 908
[08-Aug-2025 08:34:14 UTC] PHP Deprecated:  Dompdf\FrameReflower\Page::reflow(): Implicitly marking parameter $block as nullable is deprecated, the explicit nullable type must be used instead in C:\Apache24\htdocs\omes_app\dompdf\vendor\dompdf\dompdf\src\FrameReflower\Page.php on line 94
[08-Aug-2025 08:34:14 UTC] PHP Deprecated:  Dompdf\FrameReflower\AbstractFrameReflower::reflow(): Implicitly marking parameter $block as nullable is deprecated, the explicit nullable type must be used instead in C:\Apache24\htdocs\omes_app\dompdf\vendor\dompdf\dompdf\src\FrameReflower\AbstractFrameReflower.php on line 290
[08-Aug-2025 08:34:14 UTC] PHP Deprecated:  Dompdf\FrameReflower\Block::reflow(): Implicitly marking parameter $block as nullable is deprecated, the explicit nullable type must be used instead in C:\Apache24\htdocs\omes_app\dompdf\vendor\dompdf\dompdf\src\FrameReflower\Block.php on line 781
[08-Aug-2025 08:34:14 UTC] PHP Deprecated:  Dompdf\FrameReflower\Text::reflow(): Implicitly marking parameter $block as nullable is deprecated, the explicit nullable type must be used instead in C:\Apache24\htdocs\omes_app\dompdf\vendor\dompdf\dompdf\src\FrameReflower\Text.php on line 377
[08-Aug-2025 08:34:14 UTC] PHP Deprecated:  Dompdf\FrameReflower\Table::reflow(): Implicitly marking parameter $block as nullable is deprecated, the explicit nullable type must be used instead in C:\Apache24\htdocs\omes_app\dompdf\vendor\dompdf\dompdf\src\FrameReflower\Table.php on line 299
[08-Aug-2025 08:34:14 UTC] PHP Deprecated:  Dompdf\FrameReflower\TableRowGroup::reflow(): Implicitly marking parameter $block as nullable is deprecated, the explicit nullable type must be used instead in C:\Apache24\htdocs\omes_app\dompdf\vendor\dompdf\dompdf\src\FrameReflower\TableRowGroup.php on line 33
[08-Aug-2025 08:34:14 UTC] PHP Deprecated:  Dompdf\FrameReflower\TableRow::reflow(): Implicitly marking parameter $block as nullable is deprecated, the explicit nullable type must be used instead in C:\Apache24\htdocs\omes_app\dompdf\vendor\dompdf\dompdf\src\FrameReflower\TableRow.php on line 33
[08-Aug-2025 08:34:14 UTC] PHP Deprecated:  Dompdf\FrameReflower\TableCell::reflow(): Implicitly marking parameter $block as nullable is deprecated, the explicit nullable type must be used instead in C:\Apache24\htdocs\omes_app\dompdf\vendor\dompdf\dompdf\src\FrameReflower\TableCell.php on line 32
[08-Aug-2025 08:34:14 UTC] PHP Deprecated:  Dompdf\FrameReflower\Image::reflow(): Implicitly marking parameter $block as nullable is deprecated, the explicit nullable type must be used instead in C:\Apache24\htdocs\omes_app\dompdf\vendor\dompdf\dompdf\src\FrameReflower\Image.php on line 33
[08-Aug-2025 08:34:14 UTC] PHP Deprecated:  Dompdf\FrameReflower\Inline::reflow(): Implicitly marking parameter $block as nullable is deprecated, the explicit nullable type must be used instead in C:\Apache24\htdocs\omes_app\dompdf\vendor\dompdf\dompdf\src\FrameReflower\Inline.php on line 77
[08-Aug-2025 08:34:44 UTC] PHP Deprecated:  Dompdf\Options::__construct(): Implicitly marking parameter $attributes as nullable is deprecated, the explicit nullable type must be used instead in C:\Apache24\htdocs\omes_app\dompdf\vendor\dompdf\dompdf\src\Options.php on line 312
[08-Aug-2025 08:34:44 UTC] PHP Deprecated:  Dompdf\FrameDecorator\AbstractFrameDecorator::reflow(): Implicitly marking parameter $block as nullable is deprecated, the explicit nullable type must be used instead in C:\Apache24\htdocs\omes_app\dompdf\vendor\dompdf\dompdf\src\FrameDecorator\AbstractFrameDecorator.php on line 908
[08-Aug-2025 08:34:44 UTC] PHP Deprecated:  Dompdf\FrameReflower\Page::reflow(): Implicitly marking parameter $block as nullable is deprecated, the explicit nullable type must be used instead in C:\Apache24\htdocs\omes_app\dompdf\vendor\dompdf\dompdf\src\FrameReflower\Page.php on line 94
[08-Aug-2025 08:34:44 UTC] PHP Deprecated:  Dompdf\FrameReflower\AbstractFrameReflower::reflow(): Implicitly marking parameter $block as nullable is deprecated, the explicit nullable type must be used instead in C:\Apache24\htdocs\omes_app\dompdf\vendor\dompdf\dompdf\src\FrameReflower\AbstractFrameReflower.php on line 290
[08-Aug-2025 08:34:44 UTC] PHP Deprecated:  Dompdf\FrameReflower\Block::reflow(): Implicitly marking parameter $block as nullable is deprecated, the explicit nullable type must be used instead in C:\Apache24\htdocs\omes_app\dompdf\vendor\dompdf\dompdf\src\FrameReflower\Block.php on line 781
[08-Aug-2025 08:34:44 UTC] PHP Deprecated:  Dompdf\FrameReflower\Text::reflow(): Implicitly marking parameter $block as nullable is deprecated, the explicit nullable type must be used instead in C:\Apache24\htdocs\omes_app\dompdf\vendor\dompdf\dompdf\src\FrameReflower\Text.php on line 377
[08-Aug-2025 08:34:44 UTC] PHP Deprecated:  Dompdf\FrameReflower\Table::reflow(): Implicitly marking parameter $block as nullable is deprecated, the explicit nullable type must be used instead in C:\Apache24\htdocs\omes_app\dompdf\vendor\dompdf\dompdf\src\FrameReflower\Table.php on line 299
[08-Aug-2025 08:34:44 UTC] PHP Deprecated:  Dompdf\FrameReflower\TableRowGroup::reflow(): Implicitly marking parameter $block as nullable is deprecated, the explicit nullable type must be used instead in C:\Apache24\htdocs\omes_app\dompdf\vendor\dompdf\dompdf\src\FrameReflower\TableRowGroup.php on line 33
[08-Aug-2025 08:34:44 UTC] PHP Deprecated:  Dompdf\FrameReflower\TableRow::reflow(): Implicitly marking parameter $block as nullable is deprecated, the explicit nullable type must be used instead in C:\Apache24\htdocs\omes_app\dompdf\vendor\dompdf\dompdf\src\FrameReflower\TableRow.php on line 33
[08-Aug-2025 08:34:44 UTC] PHP Deprecated:  Dompdf\FrameReflower\TableCell::reflow(): Implicitly marking parameter $block as nullable is deprecated, the explicit nullable type must be used instead in C:\Apache24\htdocs\omes_app\dompdf\vendor\dompdf\dompdf\src\FrameReflower\TableCell.php on line 32
[08-Aug-2025 08:34:44 UTC] PHP Deprecated:  Dompdf\FrameReflower\Image::reflow(): Implicitly marking parameter $block as nullable is deprecated, the explicit nullable type must be used instead in C:\Apache24\htdocs\omes_app\dompdf\vendor\dompdf\dompdf\src\FrameReflower\Image.php on line 33
[08-Aug-2025 08:34:44 UTC] PHP Deprecated:  Dompdf\FrameReflower\Inline::reflow(): Implicitly marking parameter $block as nullable is deprecated, the explicit nullable type must be used instead in C:\Apache24\htdocs\omes_app\dompdf\vendor\dompdf\dompdf\src\FrameReflower\Inline.php on line 77
[08-Aug-2025 08:35:16 UTC] PHP Deprecated:  Dompdf\Options::__construct(): Implicitly marking parameter $attributes as nullable is deprecated, the explicit nullable type must be used instead in C:\Apache24\htdocs\omes_app\dompdf\vendor\dompdf\dompdf\src\Options.php on line 312
[08-Aug-2025 08:35:16 UTC] PHP Deprecated:  Dompdf\FrameDecorator\AbstractFrameDecorator::reflow(): Implicitly marking parameter $block as nullable is deprecated, the explicit nullable type must be used instead in C:\Apache24\htdocs\omes_app\dompdf\vendor\dompdf\dompdf\src\FrameDecorator\AbstractFrameDecorator.php on line 908
[08-Aug-2025 08:35:16 UTC] PHP Deprecated:  Dompdf\FrameReflower\Page::reflow(): Implicitly marking parameter $block as nullable is deprecated, the explicit nullable type must be used instead in C:\Apache24\htdocs\omes_app\dompdf\vendor\dompdf\dompdf\src\FrameReflower\Page.php on line 94
[08-Aug-2025 08:35:16 UTC] PHP Deprecated:  Dompdf\FrameReflower\AbstractFrameReflower::reflow(): Implicitly marking parameter $block as nullable is deprecated, the explicit nullable type must be used instead in C:\Apache24\htdocs\omes_app\dompdf\vendor\dompdf\dompdf\src\FrameReflower\AbstractFrameReflower.php on line 290
[08-Aug-2025 08:35:16 UTC] PHP Deprecated:  Dompdf\FrameReflower\Block::reflow(): Implicitly marking parameter $block as nullable is deprecated, the explicit nullable type must be used instead in C:\Apache24\htdocs\omes_app\dompdf\vendor\dompdf\dompdf\src\FrameReflower\Block.php on line 781
[08-Aug-2025 08:35:16 UTC] PHP Deprecated:  Dompdf\FrameReflower\Text::reflow(): Implicitly marking parameter $block as nullable is deprecated, the explicit nullable type must be used instead in C:\Apache24\htdocs\omes_app\dompdf\vendor\dompdf\dompdf\src\FrameReflower\Text.php on line 377
[08-Aug-2025 08:35:16 UTC] PHP Deprecated:  Dompdf\FrameReflower\Table::reflow(): Implicitly marking parameter $block as nullable is deprecated, the explicit nullable type must be used instead in C:\Apache24\htdocs\omes_app\dompdf\vendor\dompdf\dompdf\src\FrameReflower\Table.php on line 299
[08-Aug-2025 08:35:16 UTC] PHP Deprecated:  Dompdf\FrameReflower\TableRowGroup::reflow(): Implicitly marking parameter $block as nullable is deprecated, the explicit nullable type must be used instead in C:\Apache24\htdocs\omes_app\dompdf\vendor\dompdf\dompdf\src\FrameReflower\TableRowGroup.php on line 33
[08-Aug-2025 08:35:16 UTC] PHP Deprecated:  Dompdf\FrameReflower\TableRow::reflow(): Implicitly marking parameter $block as nullable is deprecated, the explicit nullable type must be used instead in C:\Apache24\htdocs\omes_app\dompdf\vendor\dompdf\dompdf\src\FrameReflower\TableRow.php on line 33
[08-Aug-2025 08:35:16 UTC] PHP Deprecated:  Dompdf\FrameReflower\TableCell::reflow(): Implicitly marking parameter $block as nullable is deprecated, the explicit nullable type must be used instead in C:\Apache24\htdocs\omes_app\dompdf\vendor\dompdf\dompdf\src\FrameReflower\TableCell.php on line 32
[08-Aug-2025 08:35:16 UTC] PHP Deprecated:  Dompdf\FrameReflower\Image::reflow(): Implicitly marking parameter $block as nullable is deprecated, the explicit nullable type must be used instead in C:\Apache24\htdocs\omes_app\dompdf\vendor\dompdf\dompdf\src\FrameReflower\Image.php on line 33
[08-Aug-2025 08:35:16 UTC] PHP Deprecated:  Dompdf\FrameReflower\Inline::reflow(): Implicitly marking parameter $block as nullable is deprecated, the explicit nullable type must be used instead in C:\Apache24\htdocs\omes_app\dompdf\vendor\dompdf\dompdf\src\FrameReflower\Inline.php on line 77
[08-Aug-2025 08:35:36 UTC] PHP Deprecated:  Dompdf\Options::__construct(): Implicitly marking parameter $attributes as nullable is deprecated, the explicit nullable type must be used instead in C:\Apache24\htdocs\omes_app\dompdf\vendor\dompdf\dompdf\src\Options.php on line 312
[08-Aug-2025 08:35:36 UTC] PHP Deprecated:  Dompdf\FrameDecorator\AbstractFrameDecorator::reflow(): Implicitly marking parameter $block as nullable is deprecated, the explicit nullable type must be used instead in C:\Apache24\htdocs\omes_app\dompdf\vendor\dompdf\dompdf\src\FrameDecorator\AbstractFrameDecorator.php on line 908
[08-Aug-2025 08:35:36 UTC] PHP Deprecated:  Dompdf\FrameReflower\Page::reflow(): Implicitly marking parameter $block as nullable is deprecated, the explicit nullable type must be used instead in C:\Apache24\htdocs\omes_app\dompdf\vendor\dompdf\dompdf\src\FrameReflower\Page.php on line 94
[08-Aug-2025 08:35:36 UTC] PHP Deprecated:  Dompdf\FrameReflower\AbstractFrameReflower::reflow(): Implicitly marking parameter $block as nullable is deprecated, the explicit nullable type must be used instead in C:\Apache24\htdocs\omes_app\dompdf\vendor\dompdf\dompdf\src\FrameReflower\AbstractFrameReflower.php on line 290
[08-Aug-2025 08:35:36 UTC] PHP Deprecated:  Dompdf\FrameReflower\Block::reflow(): Implicitly marking parameter $block as nullable is deprecated, the explicit nullable type must be used instead in C:\Apache24\htdocs\omes_app\dompdf\vendor\dompdf\dompdf\src\FrameReflower\Block.php on line 781
[08-Aug-2025 08:35:36 UTC] PHP Deprecated:  Dompdf\FrameReflower\Text::reflow(): Implicitly marking parameter $block as nullable is deprecated, the explicit nullable type must be used instead in C:\Apache24\htdocs\omes_app\dompdf\vendor\dompdf\dompdf\src\FrameReflower\Text.php on line 377
[08-Aug-2025 08:35:36 UTC] PHP Deprecated:  Dompdf\FrameReflower\Table::reflow(): Implicitly marking parameter $block as nullable is deprecated, the explicit nullable type must be used instead in C:\Apache24\htdocs\omes_app\dompdf\vendor\dompdf\dompdf\src\FrameReflower\Table.php on line 299
[08-Aug-2025 08:35:36 UTC] PHP Deprecated:  Dompdf\FrameReflower\TableRowGroup::reflow(): Implicitly marking parameter $block as nullable is deprecated, the explicit nullable type must be used instead in C:\Apache24\htdocs\omes_app\dompdf\vendor\dompdf\dompdf\src\FrameReflower\TableRowGroup.php on line 33
[08-Aug-2025 08:35:36 UTC] PHP Deprecated:  Dompdf\FrameReflower\TableRow::reflow(): Implicitly marking parameter $block as nullable is deprecated, the explicit nullable type must be used instead in C:\Apache24\htdocs\omes_app\dompdf\vendor\dompdf\dompdf\src\FrameReflower\TableRow.php on line 33
[08-Aug-2025 08:35:36 UTC] PHP Deprecated:  Dompdf\FrameReflower\TableCell::reflow(): Implicitly marking parameter $block as nullable is deprecated, the explicit nullable type must be used instead in C:\Apache24\htdocs\omes_app\dompdf\vendor\dompdf\dompdf\src\FrameReflower\TableCell.php on line 32
[08-Aug-2025 08:35:36 UTC] PHP Deprecated:  Dompdf\FrameReflower\Image::reflow(): Implicitly marking parameter $block as nullable is deprecated, the explicit nullable type must be used instead in C:\Apache24\htdocs\omes_app\dompdf\vendor\dompdf\dompdf\src\FrameReflower\Image.php on line 33
[08-Aug-2025 08:35:37 UTC] PHP Deprecated:  Dompdf\FrameReflower\Inline::reflow(): Implicitly marking parameter $block as nullable is deprecated, the explicit nullable type must be used instead in C:\Apache24\htdocs\omes_app\dompdf\vendor\dompdf\dompdf\src\FrameReflower\Inline.php on line 77
[08-Aug-2025 08:35:44 UTC] PHP Deprecated:  Dompdf\Options::__construct(): Implicitly marking parameter $attributes as nullable is deprecated, the explicit nullable type must be used instead in C:\Apache24\htdocs\omes_app\dompdf\vendor\dompdf\dompdf\src\Options.php on line 312
[08-Aug-2025 08:35:44 UTC] PHP Deprecated:  Dompdf\FrameDecorator\AbstractFrameDecorator::reflow(): Implicitly marking parameter $block as nullable is deprecated, the explicit nullable type must be used instead in C:\Apache24\htdocs\omes_app\dompdf\vendor\dompdf\dompdf\src\FrameDecorator\AbstractFrameDecorator.php on line 908
[08-Aug-2025 08:35:45 UTC] PHP Deprecated:  Dompdf\FrameReflower\Page::reflow(): Implicitly marking parameter $block as nullable is deprecated, the explicit nullable type must be used instead in C:\Apache24\htdocs\omes_app\dompdf\vendor\dompdf\dompdf\src\FrameReflower\Page.php on line 94
[08-Aug-2025 08:35:45 UTC] PHP Deprecated:  Dompdf\FrameReflower\AbstractFrameReflower::reflow(): Implicitly marking parameter $block as nullable is deprecated, the explicit nullable type must be used instead in C:\Apache24\htdocs\omes_app\dompdf\vendor\dompdf\dompdf\src\FrameReflower\AbstractFrameReflower.php on line 290
[08-Aug-2025 08:35:45 UTC] PHP Deprecated:  Dompdf\FrameReflower\Block::reflow(): Implicitly marking parameter $block as nullable is deprecated, the explicit nullable type must be used instead in C:\Apache24\htdocs\omes_app\dompdf\vendor\dompdf\dompdf\src\FrameReflower\Block.php on line 781
[08-Aug-2025 08:35:45 UTC] PHP Deprecated:  Dompdf\FrameReflower\Text::reflow(): Implicitly marking parameter $block as nullable is deprecated, the explicit nullable type must be used instead in C:\Apache24\htdocs\omes_app\dompdf\vendor\dompdf\dompdf\src\FrameReflower\Text.php on line 377
[08-Aug-2025 08:35:45 UTC] PHP Deprecated:  Dompdf\FrameReflower\Table::reflow(): Implicitly marking parameter $block as nullable is deprecated, the explicit nullable type must be used instead in C:\Apache24\htdocs\omes_app\dompdf\vendor\dompdf\dompdf\src\FrameReflower\Table.php on line 299
[08-Aug-2025 08:35:45 UTC] PHP Deprecated:  Dompdf\FrameReflower\TableRowGroup::reflow(): Implicitly marking parameter $block as nullable is deprecated, the explicit nullable type must be used instead in C:\Apache24\htdocs\omes_app\dompdf\vendor\dompdf\dompdf\src\FrameReflower\TableRowGroup.php on line 33
[08-Aug-2025 08:35:45 UTC] PHP Deprecated:  Dompdf\FrameReflower\TableRow::reflow(): Implicitly marking parameter $block as nullable is deprecated, the explicit nullable type must be used instead in C:\Apache24\htdocs\omes_app\dompdf\vendor\dompdf\dompdf\src\FrameReflower\TableRow.php on line 33
[08-Aug-2025 08:35:45 UTC] PHP Deprecated:  Dompdf\FrameReflower\TableCell::reflow(): Implicitly marking parameter $block as nullable is deprecated, the explicit nullable type must be used instead in C:\Apache24\htdocs\omes_app\dompdf\vendor\dompdf\dompdf\src\FrameReflower\TableCell.php on line 32
[08-Aug-2025 08:35:45 UTC] PHP Deprecated:  Dompdf\FrameReflower\Image::reflow(): Implicitly marking parameter $block as nullable is deprecated, the explicit nullable type must be used instead in C:\Apache24\htdocs\omes_app\dompdf\vendor\dompdf\dompdf\src\FrameReflower\Image.php on line 33
[08-Aug-2025 08:35:45 UTC] PHP Deprecated:  Dompdf\FrameReflower\Inline::reflow(): Implicitly marking parameter $block as nullable is deprecated, the explicit nullable type must be used instead in C:\Apache24\htdocs\omes_app\dompdf\vendor\dompdf\dompdf\src\FrameReflower\Inline.php on line 77
[08-Aug-2025 08:36:00 UTC] PHP Deprecated:  Dompdf\Options::__construct(): Implicitly marking parameter $attributes as nullable is deprecated, the explicit nullable type must be used instead in C:\Apache24\htdocs\omes_app\dompdf\vendor\dompdf\dompdf\src\Options.php on line 312
[08-Aug-2025 08:36:00 UTC] PHP Deprecated:  Dompdf\FrameDecorator\AbstractFrameDecorator::reflow(): Implicitly marking parameter $block as nullable is deprecated, the explicit nullable type must be used instead in C:\Apache24\htdocs\omes_app\dompdf\vendor\dompdf\dompdf\src\FrameDecorator\AbstractFrameDecorator.php on line 908
[08-Aug-2025 08:36:00 UTC] PHP Deprecated:  Dompdf\FrameReflower\Page::reflow(): Implicitly marking parameter $block as nullable is deprecated, the explicit nullable type must be used instead in C:\Apache24\htdocs\omes_app\dompdf\vendor\dompdf\dompdf\src\FrameReflower\Page.php on line 94
[08-Aug-2025 08:36:00 UTC] PHP Deprecated:  Dompdf\FrameReflower\AbstractFrameReflower::reflow(): Implicitly marking parameter $block as nullable is deprecated, the explicit nullable type must be used instead in C:\Apache24\htdocs\omes_app\dompdf\vendor\dompdf\dompdf\src\FrameReflower\AbstractFrameReflower.php on line 290
[08-Aug-2025 08:36:00 UTC] PHP Deprecated:  Dompdf\FrameReflower\Block::reflow(): Implicitly marking parameter $block as nullable is deprecated, the explicit nullable type must be used instead in C:\Apache24\htdocs\omes_app\dompdf\vendor\dompdf\dompdf\src\FrameReflower\Block.php on line 781
[08-Aug-2025 08:36:00 UTC] PHP Deprecated:  Dompdf\FrameReflower\Text::reflow(): Implicitly marking parameter $block as nullable is deprecated, the explicit nullable type must be used instead in C:\Apache24\htdocs\omes_app\dompdf\vendor\dompdf\dompdf\src\FrameReflower\Text.php on line 377
[08-Aug-2025 08:36:00 UTC] PHP Deprecated:  Dompdf\FrameReflower\Table::reflow(): Implicitly marking parameter $block as nullable is deprecated, the explicit nullable type must be used instead in C:\Apache24\htdocs\omes_app\dompdf\vendor\dompdf\dompdf\src\FrameReflower\Table.php on line 299
[08-Aug-2025 08:36:00 UTC] PHP Deprecated:  Dompdf\FrameReflower\TableRowGroup::reflow(): Implicitly marking parameter $block as nullable is deprecated, the explicit nullable type must be used instead in C:\Apache24\htdocs\omes_app\dompdf\vendor\dompdf\dompdf\src\FrameReflower\TableRowGroup.php on line 33
[08-Aug-2025 08:36:00 UTC] PHP Deprecated:  Dompdf\FrameReflower\TableRow::reflow(): Implicitly marking parameter $block as nullable is deprecated, the explicit nullable type must be used instead in C:\Apache24\htdocs\omes_app\dompdf\vendor\dompdf\dompdf\src\FrameReflower\TableRow.php on line 33
[08-Aug-2025 08:36:00 UTC] PHP Deprecated:  Dompdf\FrameReflower\TableCell::reflow(): Implicitly marking parameter $block as nullable is deprecated, the explicit nullable type must be used instead in C:\Apache24\htdocs\omes_app\dompdf\vendor\dompdf\dompdf\src\FrameReflower\TableCell.php on line 32
[08-Aug-2025 08:36:00 UTC] PHP Deprecated:  Dompdf\FrameReflower\Image::reflow(): Implicitly marking parameter $block as nullable is deprecated, the explicit nullable type must be used instead in C:\Apache24\htdocs\omes_app\dompdf\vendor\dompdf\dompdf\src\FrameReflower\Image.php on line 33
[08-Aug-2025 08:36:00 UTC] PHP Deprecated:  Dompdf\FrameReflower\Inline::reflow(): Implicitly marking parameter $block as nullable is deprecated, the explicit nullable type must be used instead in C:\Apache24\htdocs\omes_app\dompdf\vendor\dompdf\dompdf\src\FrameReflower\Inline.php on line 77
[08-Aug-2025 08:36:36 UTC] PHP Deprecated:  Dompdf\Options::__construct(): Implicitly marking parameter $attributes as nullable is deprecated, the explicit nullable type must be used instead in C:\Apache24\htdocs\omes_app\dompdf\vendor\dompdf\dompdf\src\Options.php on line 312
[08-Aug-2025 08:36:37 UTC] PHP Deprecated:  Dompdf\FrameDecorator\AbstractFrameDecorator::reflow(): Implicitly marking parameter $block as nullable is deprecated, the explicit nullable type must be used instead in C:\Apache24\htdocs\omes_app\dompdf\vendor\dompdf\dompdf\src\FrameDecorator\AbstractFrameDecorator.php on line 908
[08-Aug-2025 08:36:37 UTC] PHP Deprecated:  Dompdf\FrameReflower\Page::reflow(): Implicitly marking parameter $block as nullable is deprecated, the explicit nullable type must be used instead in C:\Apache24\htdocs\omes_app\dompdf\vendor\dompdf\dompdf\src\FrameReflower\Page.php on line 94
[08-Aug-2025 08:36:37 UTC] PHP Deprecated:  Dompdf\FrameReflower\AbstractFrameReflower::reflow(): Implicitly marking parameter $block as nullable is deprecated, the explicit nullable type must be used instead in C:\Apache24\htdocs\omes_app\dompdf\vendor\dompdf\dompdf\src\FrameReflower\AbstractFrameReflower.php on line 290
[08-Aug-2025 08:36:37 UTC] PHP Deprecated:  Dompdf\FrameReflower\Block::reflow(): Implicitly marking parameter $block as nullable is deprecated, the explicit nullable type must be used instead in C:\Apache24\htdocs\omes_app\dompdf\vendor\dompdf\dompdf\src\FrameReflower\Block.php on line 781
[08-Aug-2025 08:36:37 UTC] PHP Deprecated:  Dompdf\FrameReflower\Text::reflow(): Implicitly marking parameter $block as nullable is deprecated, the explicit nullable type must be used instead in C:\Apache24\htdocs\omes_app\dompdf\vendor\dompdf\dompdf\src\FrameReflower\Text.php on line 377
[08-Aug-2025 08:36:37 UTC] PHP Deprecated:  Dompdf\FrameReflower\Table::reflow(): Implicitly marking parameter $block as nullable is deprecated, the explicit nullable type must be used instead in C:\Apache24\htdocs\omes_app\dompdf\vendor\dompdf\dompdf\src\FrameReflower\Table.php on line 299
[08-Aug-2025 08:36:37 UTC] PHP Deprecated:  Dompdf\FrameReflower\TableRowGroup::reflow(): Implicitly marking parameter $block as nullable is deprecated, the explicit nullable type must be used instead in C:\Apache24\htdocs\omes_app\dompdf\vendor\dompdf\dompdf\src\FrameReflower\TableRowGroup.php on line 33
[08-Aug-2025 08:36:37 UTC] PHP Deprecated:  Dompdf\FrameReflower\TableRow::reflow(): Implicitly marking parameter $block as nullable is deprecated, the explicit nullable type must be used instead in C:\Apache24\htdocs\omes_app\dompdf\vendor\dompdf\dompdf\src\FrameReflower\TableRow.php on line 33
[08-Aug-2025 08:36:37 UTC] PHP Deprecated:  Dompdf\FrameReflower\TableCell::reflow(): Implicitly marking parameter $block as nullable is deprecated, the explicit nullable type must be used instead in C:\Apache24\htdocs\omes_app\dompdf\vendor\dompdf\dompdf\src\FrameReflower\TableCell.php on line 32
[08-Aug-2025 08:36:37 UTC] PHP Deprecated:  Dompdf\FrameReflower\Image::reflow(): Implicitly marking parameter $block as nullable is deprecated, the explicit nullable type must be used instead in C:\Apache24\htdocs\omes_app\dompdf\vendor\dompdf\dompdf\src\FrameReflower\Image.php on line 33
[08-Aug-2025 08:36:37 UTC] PHP Deprecated:  Dompdf\FrameReflower\Inline::reflow(): Implicitly marking parameter $block as nullable is deprecated, the explicit nullable type must be used instead in C:\Apache24\htdocs\omes_app\dompdf\vendor\dompdf\dompdf\src\FrameReflower\Inline.php on line 77
